sample_id,target_class_id,tx0_x,tx0_y,tx0_z,tx1_x,tx1_y,tx1_z,u1_x,u1_y,u1_z,u1_distance_m,u1_angle_deg,u1_required_rate_bpshz,u1_pilot_snr_db,u2_x,u2_y,u2_z,u2_distance_m,u2_angle_deg,u2_required_rate_bpshz,u2_pilot_snr_db,angular_separation_deg,h11_power_db,h12_power_db,h21_power_db,h22_power_db,h11_num_paths,h12_num_paths,h21_num_paths,h22_num_paths,tx0_sector_label,tx0_codebook_label,tx0_sector_angle_deg,tx0_refinement_angle_deg,tx0_target_angle_deg,tx1_sector_label,tx1_codebook_label,tx1_sector_angle_deg,tx1_refinement_angle_deg,tx1_target_angle_deg,best_tx0_sector,best_tx0_codebook,best_tx0_target_angle_deg,best_tx1_sector,best_tx1_codebook,best_tx1_target_angle_deg,target_score,best_score,target_is_best,target_sinr_u1_db,target_sinr_u2_db,target_rate_u1_bpshz,target_rate_u2_bpshz,target_sum_rate_bpshz
0,2,0.0,-0.01,1.5,0.0,0.01,1.5,2.019693226734844,-0.0967106414228439,1.5,2.02200733883016,-2.741447231439299,3.1240454383687406,29.840372886485106,2.293980835255249,1.427038782244557,1.5,2.7016268725618637,31.884902338987494,4.792772211980251,27.338526862037675,34.6263495704268,-74.12451435110319,-76.66032470319736,-74.12862352276498,-76.62636037555062,1,1,1,1,0,0,0.0,0.0,0.0,2,0,30.0,0.0,30.0,0,0,0.0,2,0,30.0,-43.4179111438982,-43.4179111438982,1,-0.566011952061184,-2.8539435238720454,0.9090484262981245,0.602484594313291,1.5115330206114157
1,3,0.0,-0.01,1.5,0.0,0.01,1.5,2.465267765702167,0.020373262870369807,1.5,2.465351947785577,0.47348828424744926,1.459673183766765,28.116719242827735,1.693692971338187,1.6324270215741283,1.5,2.3523209521503983,43.9447514087223,2.4769904224368746,28.54976785100223,43.471263124474845,-75.84874961297326,-75.46636669674866,-75.84816799476056,-75.41511938658607,1,1,1,1,0,0,0.0,0.0,0.0,3,0,45.0,0.0,45.0,0,0,0.0,3,0,45.0,-5.4326660447276165,-5.4326660447276165,1,-1.8986742332418436,-1.512897798094091,0.7188340467947564,0.7704877697143712,1.4893218165091275
2,4,0.0,-0.01,1.5,0.0,0.01,1.5,2.3741151848707527,0.08479864708234851,1.5,2.3756291212183953,2.045621052567853,1.2718684941354241,28.439733272605636,1.301009948408258,1.9502369163041322,1.5,2.344365781095755,56.292606862098765,3.8331116190494137,28.58442221303713,54.24698580953091,-75.52776390959889,-75.4421077933584,-75.52515396498266,-75.38046502455116,1,1,1,1,0,0,0.0,0.0,0.0,4,0,60.0,0.0,60.0,0,0,0.0,4,0,60.0,-18.96844726861115,-18.96844726861115,1,-1.7898508759301777,-2.1542383080837095,0.7331280411841371,0.6861126215847112,1.4192406627688483
3,5,0.0,-0.01,1.5,0.0,0.01,1.5,2.122798493837482,0.060561020956220714,1.5,2.1236621865772207,1.6341400263400656,2.609457022930702,29.413439072516333,1.8865809835109857,-1.7396260096281426,1.5,2.566220267381585,-42.67931205108419,3.854871902243726,27.791138709634616,44.31345207742425,-74.55377966753603,-76.17374852795368,-74.55144816507196,-76.21963832489345,1,1,1,1,0,0,0.0,0.0,0.0,5,0,-45.0,0.0,-45.0,0,0,0.0,5,0,-45.0,-25.133079048295162,-25.133079048295162,1,-0.7355960837226344,-2.5455796121223537,0.8829875852202781,0.6382781059457759,1.521265691166054
4,6,0.0,-0.01,1.5,0.0,0.01,1.5,2.7178540855817035,0.06097829493833105,1.5,2.7185380598709195,1.2852834514162756,2.0010819133186044,27.2680270016497,1.9036658852094472,-1.12311365480966,1.5,2.2102778296246335,-30.539506010992348,1.176536406918666,29.085065716023976,31.824789462408624,-76.69829197092908,-74.87982152156432,-76.6968602359386,-74.91975888751067,1,1,1,1,0,0,0.0,0.0,0.0,6,0,-30.0,0.0,-30.0,0,0,0.0,6,0,-30.0,-2.6568804994180137,-2.6568804994180137,1,-2.824125987581273,-0.9739650423085948,0.6058736852175103,0.8472788683262881,1.4531525535437984
5,7,0.0,-0.01,1.5,0.0,0.01,1.5,2.5211763651729635,0.0647801671480867,1.5,2.522008472301885,1.4718580335235654,3.0088511499357145,27.919963386596333,2.19420533892507,-0.5040331481078965,1.5,2.2513521456579904,-12.93703810340041,4.428069464451788,28.913769084323675,14.408896136923975,-76.04669271321087,-75.05111815326461,-76.04492385099195,-75.06839120451912,1,1,1,1,0,0,0.0,0.0,0.0,7,0,-15.0,0.0,-15.0,0,0,0.0,7,0,-15.0,-36.75121625142062,-36.75121625142062,1,-2.2917256030653137,-1.7412848124430615,0.6689964770639273,0.7395772140711642,1.4085736911350915
6,10,0.0,-0.01,1.5,0.0,0.01,1.5,2.375910266910552,0.5346589888412807,1.5,2.435325405517659,12.682200892175171,4.235062931269601,28.23070140416951,1.7566911036965307,1.0991913016200958,1.5,2.0722415764972517,32.034910782419146,1.50676986880989,29.64745900379284,19.352709890243975,-75.74984560301789,-74.36189425019234,-75.73418583341878,-74.31742823379545,1,1,1,1,1,0,15.0,0.0,15.0,2,0,30.0,0.0,30.0,1,0,15.0,2,0,30.0,-24.351376387079394,-24.351376387079394,1,-2.1436294984882505,-0.6836947616336265,0.6874474400165523,0.8909054601555636,1.578352900172116
7,11,0.0,-0.01,1.5,0.0,0.01,1.5,2.53526164496436,0.7275736771600133,1.5,2.6375964558900087,16.012509914861138,1.9932263088771345,27.538941559670484,1.4954987189845386,1.3467558886296709,1.5,2.0125277245402335,42.00429051003142,4.3697085808448,29.908110483496948,25.99178059517028,-76.44411443434463,-74.11453892599722,-76.42594567791781,-74.05677675409135,1,1,1,1,1,0,15.0,0.0,15.0,3,0,45.0,0.0,45.0,1,0,15.0,3,0,45.0,-26.093725374407118,-26.093725374407118,1,-2.5365545033764874,-0.5763546342945594,0.6393506959299573,0.9074433491758874,1.5467940451058446
8,12,0.0,-0.01,1.5,0.0,0.01,1.5,2.226395295220801,0.5291105092663836,1.5,2.288404234744694,13.368540414926212,4.167737471233235,28.772123662277092,1.3499575097561103,2.3381949949567407,1.5,2.69991501951222,60.0,2.7622286006859693,27.354966045992647,46.631459585073785,-75.21031392372515,-76.6656416320335,-75.1927635753112,-76.60992119159565,1,1,1,1,1,0,15.0,0.0,15.0,4,0,60.0,0.0,60.0,1,0,15.0,4,0,60.0,-30.564791715008795,-30.564791715008795,1,-1.3911414327324811,-2.64736522254849,0.7873615350070503,0.6262802661376597,1.41364180114471
9,13,0.0,-0.01,1.5,0.0,0.01,1.5,2.0887145767490614,0.7000949187620169,1.5,2.202921123962546,18.53011091533776,2.4858774714004923,29.106557340057776,1.6552922944676025,-1.6387488411324007,1.5,2.329268199335707,-44.71224946913243,2.561313427234124,28.635922569409566,63.24236038447019,-74.88339054714628,-75.32896466817873,-74.85832989753051,-75.38143577387214,1,1,1,1,1,0,15.0,0.0,15.0,5,0,-45.0,0.0,-45.0,1,0,15.0,5,0,-45.0,-10.740352891644434,-10.740352891644434,1,-1.588942243772173,-1.4241508763893564,0.7600886728886108,0.782759627401716,1.5428483002903268
10,14,0.0,-0.01,1.5,0.0,0.01,1.5,2.4113128026731783,0.6315716758796615,1.5,2.492651643152132,14.677224102213856,2.198071835163373,28.029614395273498,2.1840534336318416,-1.2382622451144323,1.5,2.5106538567940566,-29.551329836717258,3.8745218026158574,27.97536795287485,44.228553938931114,-75.95292980072918,-75.98951928471344,-75.93527284231479,-76.02364388364515,1,1,1,1,1,0,15.0,0.0,15.0,6,0,-30.0,0.0,-30.0,1,0,15.0,6,0,-30.0,-23.248676861745594,-23.248676861745594,1,-1.9963762215283238,-2.07225363000396,0.7061848731555037,0.696480807915034,1.4026656810705376
11,15,0.0,-0.01,1.5,0.0,0.01,1.5,2.164035622806215,0.5037516346316324,1.5,2.221894661357357,13.104138342861244,3.208965733599479,29.02839207843251,1.9450474424709845,-0.5487247854053111,1.5,2.0209672049741485,-15.754493306379686,3.983980262525418,29.854471615341673,28.85863164924093,-74.95422015579732,-74.11041562224662,-74.93649515915578,-74.13375446945474,1,1,1,1,1,0,15.0,0.0,15.0,7,0,-15.0,0.0,-15.0,1,0,15.0,7,0,-15.0,-27.873576137713773,-27.873576137713773,1,-1.185157575497323,-0.20352980887317854,0.8165378777791925,0.966590464276005,1.7831283420551975
12,16,0.0,-0.01,1.5,0.0,0.01,1.5,1.8899155609072473,1.200538626483708,1.5,2.2389894642536268,32.42510099821584,2.0305448821834697,28.97380141744648,2.08725086940626,0.021838530600269933,1.5,2.087365112589546,0.5994535668566634,4.664320280438432,29.562443602117426,31.825647431359176,-75.0326882853073,-74.40331367305441,-74.99108582014182,-74.40244363547086,1,1,1,1,2,0,30.0,0.0,30.0,0,0,0.0,0.0,0.0,2,0,30.0,0,0,0.0,-29.33128682879602,-29.33128682879602,1,-1.3859650225064903,-0.46071139039994236,0.7880850295775434,0.9255059723929372,1.7135910019704808
13,19,0.0,-0.01,1.5,0.0,0.01,1.5,2.3576019212088815,1.2133365007612835,1.5,2.6515037776641854,27.232551458015326,4.99290532555341,27.49918772668156,1.867096620745894,1.708074502795919,1.5,2.5305272767354756,42.453186345864204,3.8212500062037447,27.913019128165807,15.220634887848878,-76.49568039227182,-76.09820386110094,-76.46569951090673,-76.05186810942249,1,1,1,1,2,0,30.0,0.0,30.0,3,0,45.0,0.0,45.0,2,0,30.0,3,0,45.0,-58.28340148854163,-58.28340148854163,1,-2.9902997202037636,-2.8104229089756845,0.5871805470151917,0.607436328094796,1.1946168751099877
14,20,0.0,-0.01,1.5,0.0,0.01,1.5,1.939112191546539,0.9775946605438127,1.5,2.171600196106133,26.754751059884175,1.7574605292359262,29.23643138585367,1.2626566676024338,1.8907606827679164,1.5,2.273604587377031,56.264860766309965,3.2979925064141558,28.851581849498945,29.51010970642579,-74.76446682864697,-75.17684678682517,-74.72845585173462,-75.11330538808934,1,1,1,1,2,0,30.0,0.0,30.0,4,0,60.0,0.0,60.0,2,0,30.0,4,0,60.0,-13.66301242012955,-13.66301242012955,1,-1.3668367535440826,-1.8983244018567613,0.7907628768754725,0.718879650653471,1.5096425275289436
15,22,0.0,-0.01,1.5,0.0,0.01,1.5,1.9883196205117422,1.0805939612104225,1.5,2.2629843619248433,28.522795417626998,3.288269089736279,28.878728004613432,1.8917193492997224,-1.0144425401117059,1.5,2.1465543933716784,-28.20262347677768,3.322522143932691,29.338310532792242,56.72541889440468,-75.12281319401876,-74.62657670479605,-75.08615923297486,-74.66482192384474,1,1,1,1,2,0,30.0,0.0,30.0,6,0,-30.0,0.0,-30.0,2,0,30.0,6,0,-30.0,-22.796190526971092,-22.796190526971092,1,-1.2780594058742958,-0.876550492316122,0.803280628494952,0.8617419984401006,1.6650226269350525
16,23,0.0,-0.01,1.5,0.0,0.01,1.5,2.2748591745614934,1.311537958102221,1.5,2.6258553043969393,29.964992277724885,4.532447696600377,27.585151494513,1.901186582537197,-0.6324158185100903,1.5,2.0036117860307305,-18.399327580221673,1.9669187651515285,29.931402058038646,48.364319857946555,-76.4127775581777,-74.03348517954964,-76.37973574307529,-74.06085020724444,1,1,1,1,2,0,30.0,0.0,30.0,7,0,-15.0,0.0,-15.0,2,0,30.0,7,0,-15.0,-30.955547783651614,-30.955547783651614,1,-2.4504457673572473,-0.7186411644469852,0.6496564248528189,0.8855685381755601,1.5352249630283792
17,24,0.0,-0.01,1.5,0.0,0.01,1.5,1.732413817184745,1.8347683729328645,1.5,2.5234168534523445,46.643559288404326,1.5832947198094827,27.939329291473236,2.075764034672839,0.08287387804250869,1.5,2.0774177257602933,2.286292123799724,2.0372490929618308,29.605169432024596,44.3572671646046,-76.07561199328374,-74.36305324765029,-76.02555794611506,-74.3597178055637,1,1,1,1,3,0,45.0,0.0,45.0,0,0,0.0,0.0,0.0,3,0,45.0,0,0,0.0,-2.7163927494821367,-2.7163927494821367,1,-2.25798939461356,-0.6785287449959001,0.6731650389408581,0.8916963692375035,1.5648614081783616
18,26,0.0,-0.01,1.5,0.0,0.01,1.5,1.5383424334688633,1.4429756287963122,1.5,2.109188495111572,43.1678396129592,3.92914999778285,29.499936916616928,2.0954796489230763,1.1872687199606824,1.5,2.408452194345542,29.535268929204175,3.0540548283129665,28.337057288425633,13.632570683755024,-74.5212978710277,-75.66338617201964,-74.46495032097135,-75.62782994916266,1,1,1,1,3,0,45.0,0.0,45.0,2,0,30.0,0.0,30.0,3,0,45.0,2,0,30.0,-28.62127553575938,-28.62127553575938,1,-1.1705074561475706,-1.826013505454693,0.8186432506488377,0.7283540336952415,1.5469972843440791
19,29,0.0,-0.01,1.5,0.0,0.01,1.5,1.9082581214931602,1.6793933331584823,1.5,2.5420092497278137,41.34991238624262,3.265682427242766,27.87310139675501,1.6700681993501862,-1.7514247895086439,1.5,2.4200447483024297,-46.36212789316045,2.37900117201748,28.30358815271088,87.71204027940307,-76.13693399690091,-75.66129908487741,-76.09178584083328,-75.71324849666118,1,1,1,1,3,0,45.0,0.0,45.0,5,0,-45.0,0.0,-45.0,3,0,45.0,5,0,-45.0,-18.37280726829104,-18.37280726829104,1,-2.887714297341523,-1.850592885995779,0.5986646385172699,0.725122852892368,1.323787491409638
20,30,0.0,-0.01,1.5,0.0,0.01,1.5,1.4835361585016953,1.3450461589411637,1.5,2.0025056063003532,42.196984121432294,2.8724895775972388,29.95172745012196,2.14931335666551,-1.3262130208991476,1.5,2.525547244052901,-31.676259355728575,4.014770311134871,27.924996928950282,73.87324347716087,-74.07142860589391,-76.03989030863802,-74.01315978746634,-76.07600859736155,1,1,1,1,3,0,45.0,0.0,45.0,6,0,-30.0,0.0,-30.0,3,0,45.0,6,0,-30.0,-28.423906938465862,-28.423906938465862,1,-0.5313074256247554,-2.2641867550425285,0.914449095261143,0.6723977466638686,1.5868468419250117
21,31,0.0,-0.01,1.5,0.0,0.01,1.5,1.7144142707618577,1.7368892641770814,1.5,2.440491878250267,45.37310658193021,1.4098914791151644,28.229861229628604,2.419501879983357,-0.6786700016100323,1.5,2.512883267947073,-15.66880213354234,2.8061214942769506,27.959908507767437,61.041908715472545,-75.78568510709559,-76.00497872982086,-75.73502600795969,-76.02364882446639,1,1,1,1,3,0,45.0,0.0,45.0,7,0,-15.0,0.0,-15.0,3,0,45.0,7,0,-15.0,-8.423623811888334,-8.423623811888334,1,-1.8311360062131534,-2.0854134787906293,0.7276797232502513,0.6948083776260731,1.4224881008763244
22,32,0.0,-0.01,1.5,0.0,0.01,1.5,1.1612737059304508,1.7780341510085662,1.5,2.1236671260435793,56.8505521920717,1.5764173954410103,29.44663108217398,2.1953325267494517,-0.07939606031469956,1.5,2.196767770474983,-2.071247669140539,4.73208833374056,29.11973499449165,58.92179986121224,-74.58674268125829,-74.84515224309663,-74.51825615541432,-74.84801109309902,1,1,1,1,4,0,60.0,0.0,60.0,0,0,0.0,0.0,0.0,4,0,60.0,0,0,0.0,-30.00284540104075,-30.00284540104075,1,-1.15650789640613,-1.1162576882894835,0.8206588974407384,0.8264746114594094,1.6471335089001478
23,33,0.0,-0.01,1.5,0.0,0.01,1.5,1.2228569807743386,2.1180504210914317,1.5,2.4457139615486767,60.0,2.8760599463109653,28.216756835054145,2.0888897447026378,0.5872128341715381,1.5,2.169856971816258,15.701332210502208,2.4960503918527537,29.236210000796188,44.29866778949779,-75.80964285155778,-74.75034313931852,-75.74813040253414,-74.72867723679211,1,1,1,1,4,0,60.0,0.0,60.0,1,0,15.0,0.0,15.0,4,0,60.0,1,0,15.0,-12.910966322954646,-12.910966322954646,1,-1.8476351068707044,-0.7937358749661804,0.7255110947972311,0.8741787236940429,1.599689818491274
24,34,0.0,-0.01,1.5,0.0,0.01,1.5,1.413548431281929,2.203700838793374,1.5,2.6180940690659344,57.32214281259304,3.7782578440333343,27.6223251528413,2.2746352837286086,1.291273045616302,1.5,2.615597781066181,29.582864874185795,1.0616692192476802,27.6190195289221,27.73927793840725,-76.39841329123468,-76.37865590250289,-76.34256208474699,-76.34586770866619,1,1,1,1,4,0,60.0,0.0,60.0,2,0,30.0,0.0,30.0,4,0,60.0,2,0,30.0,-19.18690102462326,-19.18690102462326,1,-2.81979940017636,-2.392782903137667,0.6063667217422904,0.6566309065224801,1.2629976282647706
25,37,0.0,-0.01,1.5,0.0,0.01,1.5,1.158514344821579,1.902886437519317,1.5,2.2278088520455093,58.6661303556893,1.3048568266463776,29.029861735437944,1.9766744412697568,-1.9545405960456088,1.5,2.779832870580429,-44.67741207144923,3.215116763450572,27.095672871628025,103.34354242713853,-75.00162911712515,-76.86921436596026,-74.93502550215035,-76.91315336606506,1,1,1,1,4,0,60.0,0.0,60.0,5,0,-45.0,0.0,-45.0,4,0,60.0,5,0,-45.0,-12.820373405965338,-12.820373405965338,1,-1.135430913563966,-2.9560597493922587,0.8237004920162101,0.5909936080584234,1.4146941000746334
26,38,0.0,-0.01,1.5,0.0,0.01,1.5,1.1818497493784041,2.0470238128359397,1.5,2.363699498756808,60.0,1.1262737861400933,28.51409514093591,2.3187466586603427,-1.36925316369702,1.5,2.6928498460446697,-30.56246016280455,3.061124647888459,27.366207959169788,90.56246016280454,-75.51443926780316,-76.5986792784185,-75.45079209665238,-76.63148134886461,1,1,1,1,4,0,60.0,0.0,60.0,6,0,-30.0,0.0,-30.0,4,0,60.0,6,0,-30.0,-10.774897041102541,-10.774897041102541,1,-1.5526354996142089,-2.6858921324080915,0.7650402656343168,0.6217861937373899,1.3868264593717066
27,40,0.0,-0.01,1.5,0.0,0.01,1.5,1.8408729721734356,-1.626637522167915,1.5,2.456575447284946,-41.464551647668685,2.602090441974203,28.17087894070848,2.105402406900019,-0.12917556448896214,1.5,2.109361425038733,-3.5109433830110826,3.6088666465229973,29.473482313468825,37.9536082646576,-75.79400829687981,-74.49140492411946,-75.84083282954958,-74.4964478380876,1,1,1,1,5,0,-45.0,0.0,-45.0,0,0,0.0,0.0,0.0,5,0,-45.0,0,0,0.0,-21.822717954097467,-21.822717954097467,1,-2.50086293024757,-1.1950883899044187,0.643606501817435,0.8151130087646834,1.4587195105821182
28,41,0.0,-0.01,1.5,0.0,0.01,1.5,1.6981976999619777,-1.6306067663628123,1.5,2.3543053868740857,-43.836776632374985,2.812302420627016,28.542370950281853,2.4304729033312062,0.7158990920800526,1.5,2.5337146729393716,16.412408919339512,3.403960154068192,27.888553579145384,60.2491855517145,-75.42251628730644,-76.09570552898256,-75.47362129937383,-76.0763336584429,1,1,1,1,5,0,-45.0,0.0,-45.0,1,0,15.0,0.0,15.0,5,0,-45.0,1,0,15.0,-21.77936045175331,-21.77936045175331,1,-1.5331088487376274,-2.2208644077600255,0.7677134484055418,0.6777758583996835,1.4454893068052252
29,42,0.0,-0.01,1.5,0.0,0.01,1.5,1.4001893326120738,-1.5075215625703295,1.5,2.057462376029057,-47.113997287391356,3.0362217648954286,29.71838007132466,2.3239689739063483,1.1630077458084478,1.5,2.5987340780637354,26.585229789793978,4.7352374956723375,27.67376062348469,73.69922707718533,-74.24650716626363,-76.32104189827432,-74.3083714528338,-76.2911266141036,1,1,1,1,5,0,-45.0,0.0,-45.0,2,0,30.0,0.0,30.0,5,0,-45.0,2,0,30.0,-41.83187467556012,-41.83187467556012,1,-0.5247949275644218,-2.952799923134395,0.9154651175022079,0.5913576740448963,1.5068227915471042
30,43,0.0,-0.01,1.5,0.0,0.01,1.5,1.4252618892214488,-1.629147490074239,1.5,2.1645999624139067,-48.81889882427605,2.292462536169882,29.27673695649525,1.8554408588945914,1.7910529999194555,1.5,2.5788624681002243,43.98840656898301,3.3122919753711173,27.748902758445947,92.80730539325906,-74.68815028109304,-76.26276657637528,-74.74855108793304,-76.21598447914235,1,1,1,1,5,0,-45.0,0.0,-45.0,3,0,45.0,0.0,45.0,5,0,-45.0,3,0,45.0,-17.18576072261353,-17.18576072261353,1,-1.5073706329260412,-2.308419567818477,0.7712477895881471,0.6669412300263213,1.4381890196144684
31,44,0.0,-0.01,1.5,0.0,0.01,1.5,1.4078623432523067,-1.44402996418347,1.5,2.016754550015343,-45.726584571439396,4.3232845596829605,29.891856364778956,1.2885020037386592,1.9118945652037156,1.5,2.3055537820866476,56.02239837857804,3.997937210648816,28.72984628772013,101.74898295001744,-74.07303087280934,-75.2975249263914,-74.13470422948731,-75.23504094986816,1,1,1,1,5,0,-45.0,0.0,-45.0,4,0,60.0,0.0,60.0,5,0,-45.0,4,0,60.0,-42.60942907147274,-42.60942907147274,1,-0.14057070942004593,-2.1200483976257285,0.976840634341236,0.6904217134549013,1.6672623477961372
32,46,0.0,-0.01,1.5,0.0,0.01,1.5,1.6603907133792184,-1.687475618601412,1.5,2.3673764560057124,-45.46352415189188,2.5654815989887716,28.494886191342175,1.9651220739737039,-1.0535778085396494,1.5,2.229737868958125,-28.197477162143425,4.498734128611748,29.007358647467996,17.266046989748457,-75.47000104624613,-74.9575285901203,-75.52230703964216,-74.99433914327204,1,1,1,1,5,0,-45.0,0.0,-45.0,6,0,-30.0,0.0,-30.0,5,0,-45.0,6,0,-30.0,-32.430419112668055,-32.430419112668055,1,-1.6731089468939704,-1.3086110641720203,0.7487035480870146,0.7989561717583474,1.5476597198453619
33,47,0.0,-0.01,1.5,0.0,0.01,1.5,1.756750632927699,-1.9223590367007635,1.5,2.6041576473548904,-47.5773251197733,3.7007127205073753,27.665360435175728,2.163221904057627,-0.6534978944848621,1.5,2.2597762066830542,-16.809288967991137,2.6028387596119944,28.88381442071634,30.768036151782162,-76.29952680241257,-75.08107281687195,-76.34877047354907,-75.10330367103816,1,1,1,1,5,0,-45.0,0.0,-45.0,7,0,-15.0,0.0,-15.0,5,0,-45.0,7,0,-15.0,-24.06694804555968,-24.06694804555968,1,-2.692635820239317,-1.3169612934424895,0.621002217260936,0.7977772696779661,1.418779486938902
34,49,0.0,-0.01,1.5,0.0,0.01,1.5,2.11024313085887,-1.3001488275861226,1.5,2.4786111121373224,-31.63777436590449,2.4019661215554837,28.08826079564617,2.0678092830627346,0.6629354621779419,1.5,2.1714784498432174,17.7757450194542,4.3753615578530285,29.231104472445104,49.41351938535869,-75.87662644194212,-74.75820585735897,-75.9133909306949,-74.73378276514319,1,1,1,1,6,0,-30.0,0.0,-30.0,1,0,15.0,0.0,15.0,6,0,-30.0,1,0,15.0,-29.6199745084723,-29.6199745084723,1,-2.0580586354929347,-1.1848432638994952,0.6982882997287273,0.8165830052928161,1.5148713050215434
35,50,0.0,-0.01,1.5,0.0,0.01,1.5,1.9917246571999647,-0.9739795281934029,1.5,2.217115971580684,-26.059240775917793,4.029858772939665,29.055465431177087,1.8001513458256637,1.0215934869798422,1.5,2.069830456949936,29.575093422905045,4.825970474269878,29.65604225464048,55.63433419882284,-74.9094218064112,-74.350268320231,-74.94384079886119,-74.30884498294782,1,1,1,1,6,0,-30.0,0.0,-30.0,2,0,30.0,0.0,30.0,6,0,-30.0,2,0,30.0,-50.21482524589416,-50.21482524589416,1,-1.7790877360794188,-0.3575922543343323,0.7345535643527602,0.941827488774769,1.6763810531275292
36,51,0.0,-0.01,1.5,0.0,0.01,1.5,1.8346802462052503,-0.9143808455667489,1.5,2.049913153417754,-26.491070554488637,1.3372455742142537,29.738207681310552,1.6356335609064512,1.7770745153920628,1.5,2.41522068946493,47.373286616912246,3.866036615724874,28.321407549090853,73.86435717140088,-74.22667955627774,-75.6964014560104,-74.2644811070104,-75.64347968849744,1,1,1,1,6,0,-30.0,0.0,-30.0,3,0,45.0,0.0,45.0,6,0,-30.0,3,0,45.0,-18.850965672219893,-18.850965672219893,1,-0.924769686519064,-1.9829372349369252,0.8545604732727862,0.7079144826524836,1.5624749559252697
37,52,0.0,-0.01,1.5,0.0,0.01,1.5,1.7162213306349108,-1.132352318097016,1.5,2.0561219389972836,-33.41658371999873,3.002309404528315,29.7163248953113,1.1736024246671335,2.0327390274095007,1.5,2.3472048493342665,60.0,1.3553727306914483,28.57514448769708,93.41658371999873,-74.248562342277,-75.45383733502842,-74.29509287651908,-75.38974274989121,1,1,1,1,6,0,-30.0,0.0,-30.0,4,0,60.0,0.0,60.0,6,0,-30.0,4,0,60.0,-8.228210278777883,-8.228210278777883,1,-0.9123980395083453,-1.427936821122438,0.8563988496898627,0.7822331190747295,1.6386319687645923
38,53,0.0,-0.01,1.5,0.0,0.01,1.5,2.2281000724868627,-1.1681345595330135,1.5,2.51574408121958,-27.666846537171942,3.6898655045823143,27.956740956504213,1.5838282856347152,-1.397987001786219,1.5,2.11255288585631,-41.43366025516298,2.427371672171192,29.485121213058186,13.766813717991035,-76.00814628108408,-74.47976602453011,-76.0402083377062,-74.53418159426762,1,1,1,1,6,0,-30.0,0.0,-30.0,5,0,-45.0,0.0,-45.0,6,0,-30.0,5,0,-45.0,-22.93767926358255,-22.93767926358255,1,-2.400515949216782,-1.9591165408128597,0.6556921528903715,0.7109882873236344,1.3666804402140058
39,55,0.0,-0.01,1.5,0.0,0.01,1.5,1.8468218589318046,-1.139777828450567,1.5,2.1702176104842152,-31.681073359536366,4.084711244498017,29.24499074151102,2.266774861038942,-0.5200837688110936,1.5,2.325673106268133,-12.922165814625128,2.264546271942134,28.63138288569833,18.75890754491124,-74.71989649607727,-75.33350435188996,-74.76193678430127,-75.35020679533416,1,1,1,1,6,0,-30.0,0.0,-30.0,7,0,-15.0,0.0,-15.0,6,0,-30.0,7,0,-15.0,-24.08798153318252,-24.08798153318252,1,-1.021896983132574,-1.7026258640427796,0.8402282243331443,0.7447417780528442,1.5849700023859885
40,56,0.0,-0.01,1.5,0.0,0.01,1.5,2.180811784257932,-0.7441026082849628,1.5,2.3042631642272875,-18.839867685979282,4.221095011472645,28.715543541077576,2.1134299398421366,0.06683156612908722,1.5,2.1144863605264526,1.8112221361952674,3.8345959507633993,29.451182467116062,20.651089822174548,-75.24934369651072,-74.5163024211901,-75.2736883694536,-74.51370477047223,1,1,1,1,7,0,-15.0,0.0,-15.0,0,0,0.0,0.0,0.0,7,0,-15.0,0,0,0.0,-40.97319052694497,-40.97319052694497,1,-2.1138403067490192,-0.8403546152249686,0.6912064034886406,0.867161746957011,1.5583681504456517
41,57,0.0,-0.01,1.5,0.0,0.01,1.5,1.9603749439263614,-0.6638348257550124,1.5,2.069721381408491,-18.70746042307749,4.601664260575092,29.64922027400314,2.6321369216044945,0.732012831534402,1.5,2.7320299338778478,15.541563317305314,2.9032224744396684,27.23283616159421,34.2490237403828,-74.31566696358514,-76.74908629689416,-74.34258821487623,-76.73205107599408,1,1,1,1,7,0,-15.0,0.0,-15.0,1,0,15.0,0.0,15.0,7,0,-15.0,1,0,15.0,-37.52156229405845,-37.52156229405845,1,-1.0903566861256417,-2.785146635576275,0.8302331346573939,0.6103272319971255,1.4405603666545193
42,58,0.0,-0.01,1.5,0.0,0.01,1.5,2.365477961378939,-0.7481082633452204,1.5,2.4809578713583313,-17.550128086646502,4.106696490857738,28.072188789083174,1.9912265166683196,1.2029393468496654,1.5,2.326380474660615,31.137004813426746,3.886416282383396,28.63973085171482,48.68713290007325,-75.89269844850512,-75.36376885029551,-75.91381183351271,-75.32515638587347,1,1,1,1,7,0,-15.0,0.0,-15.0,2,0,30.0,0.0,30.0,7,0,-15.0,2,0,30.0,-41.44106914109797,-41.44106914109797,1,-2.278608590865527,-1.432599989496891,0.6706148439650349,0.7815849826590221,1.452199826624057
43,59,0.0,-0.01,1.5,0.0,0.01,1.5,2.4069862055494173,-0.729685763556177,1.5,2.5151588234625946,-16.864852014166384,4.20344020360011,27.952730374364503,1.7371775596456678,1.9008982065008477,1.5,2.575111621894208,47.57668558084058,1.3426042880262243,27.763061522893793,64.44153759500696,-76.0121568632238,-76.25162339468956,-76.032193733937,-76.20182571469451,1,1,1,1,7,0,-15.0,0.0,-15.0,3,0,45.0,0.0,45.0,7,0,-15.0,3,0,45.0,-24.587614655116436,-24.587614655116436,1,-2.2360795537539806,-2.594815041420293,0.6758831951258937,0.6324518932998879,1.3083350884257816
44,60,0.0,-0.01,1.5,0.0,0.01,1.5,1.9617079175297716,-0.5367092719808669,1.5,2.0338030377421568,-15.301269376673755,1.6407909934279599,29.799079788397222,1.2661572942744008,2.1930487640572,1.5,2.532314588548801,60.0,2.5788197989422397,27.913463570223747,75.30126937667376,-74.16580744919108,-76.11083275190123,-74.18834727265912,-76.05142366736455,1,1,1,1,7,0,-15.0,0.0,-15.0,4,0,60.0,0.0,60.0,7,0,-15.0,4,0,60.0,-6.354600111931953,-6.354600111931953,1,-0.20990071574200397,-2.0891852794410397,0.9655574585063269,0.694329612034018,1.659887070540345
45,61,0.0,-0.01,1.5,0.0,0.01,1.5,2.4700991567685757,-0.8208528129580993,1.5,2.602919358107364,-18.382459052464355,2.0600230450218526,27.655336419989254,1.6058920118781246,-1.6099086611165272,1.5,2.273916236573366,-45.07156442605398,2.359902449734401,28.84563313427411,26.689105373589626,-76.30955081759905,-75.11925410331418,-76.33059771867819,-75.17334217355877,1,1,1,1,7,0,-15.0,0.0,-15.0,5,0,-45.0,0.0,-45.0,7,0,-15.0,5,0,-45.0,-7.702810956764145,-7.702810956764145,1,-2.9594649603358363,-1.212057002561747,0.5906134988145336,0.8126826417611692,1.4032961405757027
46,62,0.0,-0.01,1.5,0.0,0.01,1.5,1.9828220748683296,-0.5768513794099033,1.5,2.065028061434579,-16.221003917053203,4.06864252776778,29.667222580198302,1.825196056870258,-1.0720799125985025,1.5,2.1167654534718654,-30.429036729513115,1.0526112166893817,29.461358239510748,14.208032812459912,-74.29766465738999,-74.50352899807754,-74.32116323864219,-74.54509252103725,1,1,1,1,7,0,-15.0,0.0,-15.0,6,0,-30.0,0.0,-30.0,7,0,-15.0,6,0,-30.0,-18.698920047503936,-18.698920047503936,1,-0.7819557438148164,-0.789546051316707,0.8759583712269102,0.8748113869991077,1.750769758226018
