sample_id,target_class_id,u1_x,u1_y,u1_z,u1_distance_m,u1_angle_deg,u1_required_rate_bpshz,u1_pilot_snr_db,u2_x,u2_y,u2_z,u2_distance_m,u2_angle_deg,u2_required_rate_bpshz,u2_pilot_snr_db,angular_separation_deg,u1_num_paths,u1_channel_power_db,u1_strongest_delay_ns,u1_rms_delay_spread_ns,u2_num_paths,u2_channel_power_db,u2_strongest_delay_ns,u2_rms_delay_spread_ns,tx0_sector_label,tx0_codebook_label,tx0_sector_angle_deg,tx0_refinement_angle_deg,tx0_target_angle_deg,tx1_sector_label,tx1_codebook_label,tx1_sector_angle_deg,tx1_refinement_angle_deg,tx1_target_angle_deg,best_tx0_sector,best_tx0_codebook,best_tx1_sector,best_tx1_codebook,target_score,target_sinr_u1_db,target_sinr_u2_db,target_rate_u1_bpshz,target_rate_u2_bpshz,target_sum_rate_bpshz
0,1,7.44794238413015,-0.7468728081970599,1.5,7.485296570540573,-5.726424472860107,1.3950462344241479,24.19671277006878,6.505335063520176,1.20492299578846,1.5,6.615982445143343,10.493446778184317,3.405385236124552,25.269006022801868,16.219871251044424,1,-75.80329132080078,24.96826171875,0.0,1,-74.73099517822266,22.068540573120117,0.0,0,0,0.0,-5.0,-5.0,1,0,15.0,-5.0,10.0,0,0,1,0,10.829143833431415,15.806555718298496,16.585529586241627,5.288224657631075,5.540919175800339,10.829143833431415
1,1,3.267849834147926,-0.1043093259173922,1.5,3.2695141801212557,-1.8282528001923861,1.202908486181836,31.39122722039602,2.6311387661421066,0.6376102283702745,1.5,2.707293484278755,13.62202582288922,4.101987791506695,33.03018682293277,15.450278623081607,1,-68.60877227783203,10.905926704406738,0.0,1,-66.96981811523438,9.030558586120605,0.0,0,0,0.0,-5.0,-5.0,1,0,15.0,-5.0,10.0,0,0,1,0,9.626471681439739,16.8275782569078,11.825756412060109,5.619645200836844,4.020203742083127,9.639848942919972
2,2,6.4542551189535216,-0.8983101165855095,1.5,6.5164691517797895,-7.923585826255381,4.478226129467301,25.400646651476354,5.494186491288267,2.4984134904241357,1.5,6.035574137576954,24.453080810816584,4.008111887051966,26.06652168494053,32.37666663707196,1,-74.59934997558594,21.736600875854492,0.0,1,-73.93347930908203,20.13250732421875,0.0,0,0,0.0,-5.0,-5.0,2,0,30.0,-5.0,25.0,0,0,2,0,11.95419754012991,15.349509317469002,20.47252940827494,5.140488539888509,6.8137090002414,11.95419754012991
3,2,7.567511605009928,-0.9700347753191564,1.5,7.629429818622649,-7.30457501250397,2.261398679198399,24.0310509710358,2.5577811475746084,1.0265014172259486,1.5,2.756075027726016,21.866823215412435,1.8018149561132657,32.87507158389497,29.171398227916406,1,-75.96894836425781,25.449039459228516,0.0,1,-67.12493133544922,9.193277359008789,0.0,0,0,0.0,-5.0,-5.0,2,0,30.0,-5.0,25.0,0,0,2,0,15.675972984992736,15.702652466862281,31.36828329224141,5.254602412447878,10.421370572544859,15.675972984992736
4,3,5.481117985870785,-0.27844360161649395,1.5,5.488185967541313,-2.9081549865947567,1.1045062905431116,26.892315368849854,5.09060054939046,3.849572128833006,1.5,6.382273852518578,37.09700111386402,1.5566242323249506,25.581385014242755,40.00515610045878,1,-73.1076889038086,18.306617736816406,0.0,1,-74.41861724853516,21.288972854614258,0.0,0,0,0.0,-5.0,-5.0,3,0,45.0,-5.0,40.0,0,0,3,0,17.11728052471755,26.501452934851226,25.003285781530586,8.806817209995994,8.310463314721554,17.11728052471755
5,3,5.505101656976686,-0.7454221564713354,1.5,5.555339633632298,-7.711275516162788,1.0900745666817575,26.786680722032806,3.2087228424020253,2.8258226330655214,1.5,4.2756491709327475,41.36937117172863,1.3470159902280558,29.06085209186171,49.08064668789142,1,-73.21331787109375,18.53061866760254,0.0,1,-70.93914794921875,14.262030601501465,0.0,0,0,0.0,-5.0,-5.0,3,0,45.0,-5.0,40.0,0,0,3,0,12.726423230057222,17.561731824981763,20.635785545987993,5.858954934601119,6.867468295456102,12.726423230057222
6,4,3.6703905920945545,-0.4243043452956066,1.5,3.6948344044047428,-6.594233647693326,1.3464907574610732,30.328993379475982,5.663681459072841,7.920156782236909,1.5,9.73684605635001,54.43154928239352,2.2266779591827794,21.912527781572987,61.02578293008685,1,-69.67100524902344,12.324641227722168,0.0,1,-78.08747100830078,32.47862243652344,0.0,0,0,0.0,-5.0,-5.0,4,0,60.0,-5.0,55.0,0,0,4,0,16.743849874595227,29.65867406595599,20.7038655588342,9.853958075964075,6.889891798631152,16.743849874595227
7,4,5.1328749734853805,-0.6426542076338301,1.5,5.172949828098279,-7.136499624395878,1.986806433421727,27.406128034441778,5.711908546183284,8.157450804924906,1.5,9.958408651724012,55.0,4.5940549376625714,21.717095015075675,62.13649962439588,1,-72.5938720703125,17.255102157592773,0.0,1,-78.28290557861328,33.217674255371094,0.0,0,0,0.0,-5.0,-5.0,4,0,60.0,-5.0,55.0,0,0,4,0,15.501753002065318,25.668472891200906,20.949937338671205,8.53078818758665,6.970964814478667,15.501753002065318
8,5,4.497305123327482,-0.6715899512948087,1.5,4.547173455564213,-8.493310416034284,3.815705122813413,28.526063055929214,4.644086994334182,-5.5202833298476515,1.5,7.21394982327558,-49.92687222649207,2.1964084171852254,24.51743125675288,41.43356181045779,1,-71.47393798828125,15.167736053466797,0.0,1,-75.4825668334961,24.063146591186523,0.0,0,0,0.0,-5.0,-5.0,5,0,-45.0,-5.0,-50.0,0,0,5,0,13.341636660145738,16.689655616729212,23.36059802569602,5.57477478129259,7.766861878853149,13.341636660145738
9,5,3.317979591042509,-0.24155905911168044,1.5,3.3267610893500503,-4.1639615745273835,1.3368064016231735,31.24046076589471,2.308607849866043,-2.3930293648040823,1.5,3.325095449047703,-46.028679277937805,1.2611248010018694,31.24481023620941,41.86471770341042,1,-68.7595443725586,11.096879959106445,0.0,1,-68.75518798828125,11.091324806213379,0.0,0,0,0.0,-5.0,-5.0,5,0,-45.0,-5.0,-50.0,0,0,5,0,16.48832189521754,31.0653546149214,18.505199076364427,10.32081584326189,6.167506051955649,16.48832189521754
10,6,9.387818412758977,-0.22776202024594208,1.5,9.390580923926006,-1.389805637034101,2.5392125643488477,22.227044961309627,2.284794016646882,-1.6812991862463553,1.5,2.83673238994764,-36.348038402695,1.860951387961535,32.624524662351995,34.9582327656609,1,-77.77295684814453,31.3236026763916,0.0,1,-67.37547302246094,9.462321281433105,0.0,0,0,0.0,-5.0,-5.0,6,0,-30.0,-5.0,-35.0,0,0,6,0,11.824513271455599,14.729948728574309,20.684704090695742,4.940932984301536,6.883580287154063,11.824513271455599
11,6,5.651775880068588,-0.4870454018239918,1.5,5.672722787336162,-4.925332267404178,2.400315129470224,26.605062481757734,3.529253309573,-2.7768100192129985,1.5,4.490690682504604,-38.195603558949315,3.2522689521066197,28.634629836224548,33.270271291545136,1,-73.39493560791016,18.922164916992188,0.0,1,-71.36537170410156,14.979331970214844,0.0,0,0,0.0,-5.0,-5.0,6,0,-30.0,-5.0,-35.0,0,0,6,0,13.335054402854105,22.941528465029847,17.09501874776753,7.628320854975582,5.706733547878524,13.335054402854105
12,7,2.2068362500712766,-0.27653912368610084,1.5,2.2240953490256956,-7.1425162114145815,4.8656699947196245,34.73782501126656,8.241845624309887,-2.7625956779207246,1.5,8.692522888932896,-18.530708198745124,2.439273881365445,22.897975657606622,11.388191987330543,1,-65.26217651367188,7.418783664703369,4.440892098500626e-07,1,-77.10202026367188,28.995136260986328,0.0,0,0,0.0,-5.0,-5.0,7,0,-15.0,-5.0,-20.0,0,0,7,0,15.144898524201313,22.829737722560765,22.71519229075321,7.591374888810616,7.553523635390697,15.144898524201313
13,7,4.976071180057826,-0.7862435615561398,1.5,5.0378034228312805,-8.97878410217775,4.510507394159266,27.63606759060297,6.852270411933594,-2.4281229484435105,1.5,7.269758651497214,-19.51193692658044,2.7160599943563914,24.45049317086953,10.53315282440269,1,-72.36393737792969,16.804304122924805,0.0,1,-75.54950714111328,24.24930763244629,0.0,0,0,0.0,-5.0,-5.0,7,0,-15.0,-5.0,-20.0,0,0,7,0,9.90699134178726,11.141310264189542,21.299740589293215,3.8079338394749236,7.08627670179592,10.894210541270844
14,8,9.850913445971495,1.3956183070269106,1.5,9.949283701801384,8.063658041916248,4.445459681245692,21.72505668054552,7.0835198052255075,-0.17737997070549977,1.5,7.0857403625189015,-1.4344563811174451,2.7622106751594306,24.673188455369022,9.498114423033694,1,-78.27494049072266,33.18724060058594,0.0,1,-75.32681274414062,23.635486602783203,0.0,1,0,15.0,-5.0,10.0,0,0,0.0,-5.0,-5.0,1,0,0,0,11.782538813445345,21.168838818678474,14.101376756163635,7.0431169126315964,4.739421900813749,11.782538813445345
15,8,8.060202585341985,0.8613554311544115,1.5,8.106096403049548,6.099776969456528,2.8254299681096025,23.504658343236585,2.3631427445138584,-0.14985571117301782,1.5,2.3678894326213085,-3.6284809267170752,3.3147309962582407,34.19366439560609,9.728257896173602,1,-76.49534606933594,27.039026260375977,0.0,1,-65.80633544921875,7.898428916931152,0.0,1,0,15.0,-5.0,10.0,0,0,0.0,-5.0,-5.0,1,0,0,0,14.40924688702885,12.540161725896485,30.596736719027934,4.243974023485672,10.165272863543178,14.40924688702885
16,10,4.586574012833269,1.0805205300094227,1.5,4.712131767148423,13.256222054237526,3.148565164524364,28.216545572394867,1.908864900914319,0.9795685702170215,1.5,2.145534850264533,27.16544779572168,2.772549343563258,35.05018267151251,13.909225741484153,1,-71.78345489501953,15.717978477478027,0.0,1,-64.94981384277344,7.156733512878418,4.440892098500626e-07,1,0,15.0,-5.0,10.0,2,0,30.0,-5.0,25.0,1,0,2,0,9.460000227652536,13.228262335832037,14.90940318934351,4.461356241172155,4.99864398648038,9.460000227652536
17,10,5.951568264698221,1.2197615500542525,1.5,6.075276376293818,11.582262699387982,2.6744385742226666,26.009572120744853,6.973946619006232,3.0955991641587546,1.5,7.630115702260932,23.93550317521746,3.906783141411702,24.030270873383127,12.353240475829477,1,-73.99042510986328,20.26494026184082,0.0,1,-75.9697265625,25.451324462890625,0.0,1,0,15.0,-5.0,10.0,2,0,30.0,-5.0,25.0,1,0,2,0,15.645661853039575,23.104249323183982,23.955254077884494,7.682107384260896,7.963554468778679,15.645661853039575
18,11,5.818379910034847,0.9666734442212274,1.5,5.898135495668071,9.43303429072462,3.400262217622068,26.266596857365307,3.925438073864903,3.1565461650129745,1.5,5.037146787974946,38.80366043155534,2.8858848319105643,27.637201290925365,29.370626140830723,1,-73.7333984375,19.67406463623047,0.0,1,-72.36280059814453,16.802114486694336,0.0,1,0,15.0,-5.0,10.0,3,0,45.0,-5.0,40.0,1,0,3,0,16.794471592022106,24.45659134536559,26.073556890349018,8.129464842985662,8.665006749036444,16.794471592022106
19,11,3.5460992559792417,0.6097168217229384,1.5,3.598134869060421,9.7560503597573,3.4508417011757753,30.559344416397927,7.484822061927444,6.2974009189904425,1.5,9.781606188822849,40.07578495907791,4.542253256374879,21.872690068934123,30.319734599320608,1,-69.44065856933594,12.00208568572998,0.0,1,-78.12730407714844,32.6279296875,0.0,1,0,15.0,-5.0,10.0,3,0,45.0,-5.0,40.0,1,0,3,0,16.745550251036406,28.64319552549068,21.73094610214996,9.517034012388795,7.228516238647611,16.745550251036406
20,12,4.849310395434737,1.1513219200359273,1.5,4.984110098585967,13.355864301859992,1.818624149504232,27.72914061077284,4.555852749299796,5.669641313882155,1.5,7.273281714699485,51.216305356601985,1.817409393361221,24.446284195901853,37.860441054742,1,-72.27085876464844,16.625202178955078,0.0,1,-75.55371856689453,24.261056900024414,0.0,1,0,15.0,-5.0,10.0,4,0,60.0,-5.0,55.0,1,0,4,0,10.529702241542244,15.392115418798863,16.075846322153183,5.1542426316457615,5.375459609896483,10.529702241542244
21,12,8.637014216628122,1.9552577026539144,1.5,8.855565891687768,12.755685222379306,1.2667106712501286,22.736566793120385,4.42270170095067,6.31627261862766,1.5,7.710745108510427,55.0,4.570895367980962,23.938966562079585,42.244314777620694,1,-77.263427734375,29.53898811340332,0.0,1,-76.06103515625,25.720277786254883,0.0,1,0,15.0,-5.0,10.0,4,0,60.0,-5.0,55.0,1,0,4,0,11.533893962662042,15.30952885443485,19.233403001422033,5.127585534014764,6.406308428647277,11.533893962662042
22,13,5.101227772767379,0.571175028835907,1.5,5.133104879429109,6.388692960898024,4.262488371082352,27.47329045230224,6.3572963958848865,-7.537245084368898,1.5,9.860288075252877,-49.854011288787,4.743018342705154,21.803101770030505,56.242704249685026,1,-72.5267105102539,17.122194290161133,1.7763568394002505e-06,1,-78.1968994140625,32.890380859375,0.0,1,0,15.0,-5.0,10.0,5,0,-45.0,-5.0,-50.0,1,0,5,0,13.807594972513831,19.8769650968607,21.613740177926353,6.61775056725445,7.1898444052593815,13.807594972513831
23,13,5.155936981136999,0.7111542419699816,1.5,5.2047503791563345,7.853209926203889,4.602521755374979,27.352895316158055,5.743246304001894,-7.786421698643822,1.5,9.675393582565142,-53.587601924138795,3.386666182941678,21.967520783465076,61.44081185034268,1,-72.64710235595703,17.36117935180664,0.0,1,-78.03247833251953,32.27363586425781,0.0,1,0,15.0,-5.0,10.0,5,0,-45.0,-5.0,-50.0,1,0,5,0,14.198873747502272,24.079725406710253,18.58647790221664,8.004739641501404,6.194134106000868,14.198873747502272
24,14,6.608226750599391,1.4789796270675193,1.5,6.771708907256584,12.615407620794207,3.373002436364087,25.066927982223916,1.717580863633296,-1.3621213860922217,1.5,2.192135646708272,-38.41605012346016,3.055631617680261,34.86354476974118,51.03145774425437,1,-74.93307495117188,22.587989807128906,0.0,1,-65.13645935058594,7.3121771812438965,0.0,1,0,15.0,-5.0,10.0,6,0,-30.0,-5.0,-35.0,1,0,6,0,11.413640871600277,16.81603387013093,17.37419347719237,5.615888337459789,5.797752534140488,11.413640871600277
25,14,5.75857271289241,1.163050570408199,1.5,5.874848620943002,11.418342748709357,4.370931977133701,26.30095874772032,2.057314972164554,-1.5274155548432724,1.5,2.5623315889770435,-36.59135838470856,2.1711811839873043,33.508185336800594,48.00970113341792,1,-73.69904327392578,19.59638786315918,0.0,1,-66.49181365966797,8.547017097473145,0.0,1,0,15.0,-5.0,10.0,6,0,-30.0,-5.0,-35.0,1,0,6,0,12.38446798003423,18.20639533007761,18.95452123934032,6.069674433064624,6.3147935469696055,12.38446798003423
26,15,6.55339966951427,0.9959042119530241,1.5,6.628640315160834,8.640986334739885,3.4079564085902123,25.2524038180932,5.00596176206744,-2.094778020952216,1.5,5.426577938290929,-22.707196808885417,2.723040844219071,26.99037213977522,31.348183143625302,1,-74.74759674072266,22.110763549804688,0.0,1,-73.00962829589844,18.101116180419922,0.0,1,0,15.0,-5.0,10.0,7,0,-15.0,-5.0,-20.0,1,0,7,0,12.377825770119589,21.421386412028028,15.692853048549955,7.126393289964277,5.251432480155311,12.377825770119589
27,15,5.284855241676568,0.7057247629528396,1.5,5.331767283605046,7.606119642080443,3.0113521009194506,27.1434680325131,7.319400391232764,-3.0522621361015823,1.5,7.930316906319554,-22.636617654232833,2.7652425993743805,23.695082581004996,30.242737296313276,1,-72.85652923583984,17.784862518310547,0.0,1,-76.30491638183594,26.45269012451172,1.7763568394002505e-06,1,0,15.0,-5.0,10.0,7,0,-15.0,-5.0,-20.0,1,0,7,0,13.622102283221079,25.52113059067388,15.34838470089063,8.48197674013843,5.1401255430826485,13.622102283221079
28,16,2.785860779372047,1.2539125432464113,1.5,3.0550477816482857,24.232451825102547,4.129946553904724,31.9805330292574,6.839888030954212,-0.5621010851048353,1.5,6.862945862081874,-4.698002455622484,2.636048441996548,24.95068147586613,28.93045428072503,1,-68.01947021484375,10.190542221069336,0.0,1,-75.04931640625,22.89232063293457,0.0,2,0,30.0,-5.0,25.0,0,0,0.0,-5.0,-5.0,2,0,0,0,13.921057239435704,22.132013388235116,19.70177479226752,7.3608990474090605,6.560158192026644,13.921057239435704
29,16,5.989602272039067,3.0329728774802507,1.5,6.7137366535146725,26.856422743959588,4.21869640694411,25.14160776422652,8.414471495347454,-0.7571899482275645,1.5,8.448471291524385,-5.142004769706697,2.7004747301171523,23.14533123893632,31.998427513666286,1,-74.85839080810547,22.39461326599121,0.0,1,-76.85466766357422,28.18106460571289,0.0,2,0,30.0,-5.0,25.0,0,0,0.0,-5.0,-5.0,2,0,0,0,11.624579220462133,16.53639823091209,18.297914936094287,5.524950603228875,6.099628617233257,11.624579220462133
30,17,2.0405437633497723,1.0497490532168166,1.5,2.294731340456929,27.22336222426582,3.4038457462133582,34.466256527580256,3.7105431458538134,0.4632533265214337,1.5,3.739349419588371,7.116432636466195,2.451782016250791,30.224973350308456,20.106929587799627,1,-65.53374481201172,7.6543989181518555,0.0,1,-69.7750244140625,12.473126411437988,0.0,2,0,30.0,-5.0,25.0,1,0,15.0,-5.0,10.0,2,0,1,0,9.380805532315886,14.78649979009283,13.10310837730622,4.9591110847442925,4.421694447571594,9.380805532315886
31,17,2.0597114908529828,1.1408665775120697,1.5,2.3545674705210553,28.981906445588802,1.8692123025908502,34.242670032984975,7.126385396918271,1.0172602602079863,1.5,7.198623983957517,8.12383993510552,3.4043643820674108,24.535903397880578,20.858066510483283,1,-65.75733184814453,7.853991508483887,0.0,1,-75.46409606933594,24.01202392578125,0.0,2,0,30.0,-5.0,25.0,1,0,15.0,-5.0,10.0,2,0,1,0,9.046741910784718,12.164823975012514,14.666651922495381,4.12614627568231,4.9205956351024085,9.046741910784718
32,19,4.662999078486677,2.191095907432047,1.5,5.15213176088627,25.168354758208224,2.962760949680423,27.44115296254265,6.320220263959581,4.750174544938105,1.5,7.906284993114228,36.9279267642496,2.18463151755289,23.721444100809805,11.759572006041374,1,-72.55884552001953,17.18566131591797,0.0,1,-76.27855682373047,26.372529983520508,0.0,2,0,30.0,-5.0,25.0,3,0,45.0,-5.0,40.0,2,0,3,0,10.87062084153989,21.953903823421363,10.359905921110805,7.302099703206467,3.568521138333424,10.87062084153989
33,19,7.304254173675704,3.893866220216311,1.5,8.277337928017715,28.061884016833577,1.0104908759688045,23.323080812664436,3.111057467538928,2.7930344833727774,1.5,4.180875529316697,41.91675148032514,2.3921695999224575,29.25554657900485,13.854867463491562,1,-76.67691802978516,27.610227584838867,0.0,1,-70.74445343017578,13.945900917053223,0.0,2,0,30.0,-5.0,25.0,3,0,45.0,-5.0,40.0,2,0,3,0,11.037009109831251,9.256844338438308,23.461342010949082,3.236832699484738,7.800176410346514,11.037009109831251
34,20,8.982208533161197,3.507221404538146,1.5,9.64264860469593,21.328813013587705,1.1985598621316056,21.996965703304006,3.4094509889430937,4.44039034144628,1.5,5.5983410427031375,52.48197758312041,3.8241363750493487,26.719705347395596,31.153164569532706,1,-78.00303649902344,32.16441345214844,0.0,1,-73.2802963256836,18.674055099487305,0.0,2,0,30.0,-5.0,25.0,4,0,60.0,-5.0,55.0,2,0,4,0,11.448797616404407,20.78595803748554,13.450348170508029,6.916934523506151,4.531863092898257,11.448797616404407
35,20,5.741429904009915,2.5044740697744716,1.5,6.263897166208271,23.56735245820376,4.181342947041335,25.74399988205849,5.228798319844558,7.467497898142524,1.5,9.116131675681977,55.0,3.174501441731247,22.484681070854094,31.43264754179624,1,-74.25599670410156,20.89411163330078,0.0,1,-77.51531982421875,30.40814208984375,0.0,2,0,30.0,-5.0,25.0,4,0,60.0,-5.0,55.0,2,0,4,0,11.138106999133486,18.23697067844455,15.095054451653624,6.07968064771075,5.058426351422736,11.138106999133486
36,21,2.591550163525705,1.1579001297454465,1.5,2.8384617243384893,24.07500915232125,4.143129332792197,32.61923200859024,3.345900161499089,-4.44332072657103,1.5,5.56220702328629,-53.019597310742995,3.3172448424771317,26.77594962757913,77.09460646306425,1,-67.38076782226562,9.46808910369873,0.0,1,-73.22404479980469,18.553525924682617,0.0,2,0,30.0,-5.0,25.0,5,0,-45.0,-5.0,-50.0,2,0,5,0,15.833298411110853,29.08238332361947,18.514518188698478,9.662739640083387,6.170558771027465,15.833298411110853
37,21,5.329164959662004,2.8198204218131164,1.5,6.029211090894366,27.884654525247647,1.9403858296113605,26.07568249288743,4.36516996652807,-4.670717452715987,1.5,6.3929891568642905,-46.93671219539849,4.517713588237268,25.566813306933525,74.82136672064614,1,-73.92431640625,20.111284255981445,0.0,1,-74.43318939208984,21.324716567993164,0.0,2,0,30.0,-5.0,25.0,5,0,-45.0,-5.0,-50.0,2,0,5,0,14.029894440357836,17.126117772300265,25.011028009040377,5.716867307484388,8.313027132873449,14.029894440357836
38,22,7.3076834627766925,3.5813078051109244,1.5,8.138058932392195,26.108286425511533,2.99721990508168,23.470476043659048,4.752226979029441,-3.515114858418453,1.5,5.910980775479604,-36.489495576586066,2.957498037158673,26.24770223929921,62.5977820020976,1,-76.52952575683594,27.145641326904297,0.0,1,-73.7522964477539,19.716909408569336,0.0,2,0,30.0,-5.0,25.0,6,0,-30.0,-5.0,-35.0,2,0,6,0,11.71933060489825,17.385877648001347,17.74181219528652,5.8015642502283615,5.917766354669889,11.71933060489825
39,22,6.45265086175971,2.879096108472823,1.5,7.065826034200933,24.04586063666388,3.625263104895693,24.69763390693903,3.7388228302859474,-2.689627043776232,1.5,4.6057453024325925,-35.73041114192241,4.607423354290708,28.414893904784655,59.77627177858629,1,-75.3023681640625,23.569059371948242,0.0,1,-71.5851058959961,15.363112449645996,0.0,2,0,30.0,-5.0,25.0,6,0,-30.0,-5.0,-35.0,2,0,6,0,12.813963328895102,19.839927366755113,18.62998556419129,6.605572713187838,6.208390615707264,12.813963328895102
40,23,7.900519363458063,3.5046634371831993,1.5,8.642966621496612,23.922031800520422,4.241631135326246,22.947636234513134,6.028569798878853,-1.8188515698884886,1.5,6.296973467725589,-16.788842052488846,1.512823077032082,25.69825587681288,40.71087385300927,1,-77.0523681640625,28.829832077026367,0.0,1,-74.30174255371094,21.00444221496582,0.0,2,0,30.0,-5.0,25.0,7,0,-15.0,-5.0,-20.0,2,0,7,0,14.277041058118112,19.06768709231803,23.83908569465501,6.351920213237524,7.925120844880587,14.277041058118112
41,23,4.917852387211083,2.6239629017695796,1.5,5.574087675329549,28.082538800951262,2.010373598874608,26.75741658374772,4.6393644166027945,-1.7679478485955324,1.5,4.964810347374184,-20.860615121140953,4.24932154162707,27.76284094819661,48.943153922092215,1,-73.24258422851562,18.593154907226562,0.0,1,-72.2371597290039,16.560823440551758,0.0,2,0,30.0,-5.0,25.0,7,0,-15.0,-5.0,-20.0,2,0,7,0,11.640319297921693,16.751335820327576,18.132457906909558,5.5948375824054475,6.045481715516245,11.640319297921693
42,24,6.3706539006270555,5.032038431361332,1.5,8.118290577225734,38.30442618484233,4.466004056075333,23.49160136893246,2.4750814991087453,-0.15798858209112066,1.5,2.4801187107276856,-3.6523301391154686,3.0007675601030273,33.79144322042235,41.9567563239578,1,-76.5083999633789,27.07970428466797,0.0,1,-66.20855712890625,8.272785186767578,0.0,3,0,45.0,-5.0,40.0,0,0,0.0,-5.0,-5.0,3,0,0,0,17.910994663854886,22.980122407017895,30.91201387777606,7.641076973452954,10.269917690401934,17.910994663854886
43,24,1.9477818697730434,1.4307129745180125,1.5,2.4167734332516053,36.298566015872616,1.2805254082601274,34.01617487015757,4.014995163708779,-0.1827584181297318,1.5,4.01915249822673,-2.6062454612342325,1.9846379565032848,29.598202451466854,38.90481147710685,1,-65.98382568359375,8.061488151550293,0.0,1,-70.40179443359375,13.406450271606445,0.0,3,0,45.0,-5.0,40.0,0,0,0.0,-5.0,-5.0,3,0,0,0,18.749646859232072,28.01408811308734,28.41486610382003,9.308355949533816,9.441290909698257,18.749646859232072
44,25,1.6582565569512016,1.4622775688825402,1.5,2.2108981200246847,41.406371356975285,1.6067997846511441,34.789519222769705,6.496417980823808,0.789350215871765,1.5,6.544197456133769,6.927789911276061,4.781421627665204,25.363765189092298,34.47858144569923,1,-65.21047973632812,7.374762058258057,0.0,1,-74.63623809814453,21.829092025756836,0.0,3,0,45.0,-5.0,40.0,1,0,15.0,-5.0,10.0,3,0,1,0,13.987558488084593,24.814113597836034,17.196278346893425,8.247823982706342,5.739734505378252,13.987558488084593
45,25,4.3636127240428,3.7131852811893653,1.5,5.729647540457403,40.39588592619268,1.666458566452989,26.518334571700336,7.72663986045076,1.6656927843829428,1.5,7.904144228507723,12.165524621722895,4.250919979275297,23.723796328019834,28.23036130446979,1,-73.4816665649414,19.11204719543457,0.0,1,-76.27619934082031,26.365386962890625,1.7763568394002505e-06,3,0,45.0,-5.0,40.0,1,0,15.0,-5.0,10.0,3,0,1,0,14.951260814471414,25.47299328079611,19.47373793158788,8.46603084421267,6.485229970258744,14.951260814471414
46,26,6.53932582840964,5.331836530681228,1.5,8.437491515848313,39.192067138510154,3.8036709354877907,23.15662619322333,6.988639238630345,3.498209636323597,1.5,7.815276646887876,26.590559081709106,4.586631180170871,23.82200558049139,12.601508056801048,1,-76.84337615966797,28.144441604614258,0.0,1,-76.17799377441406,26.068958282470703,0.0,3,0,45.0,-5.0,40.0,2,0,30.0,-5.0,25.0,3,0,2,0,10.635142557455783,17.74378350477734,14.030395611149979,5.918410379645866,4.7167321778099165,10.635142557455783
47,26,4.086673551582355,3.5949248900269013,1.5,5.442828830868895,41.33712576212953,3.3487789409213518,26.964399425219767,5.041291062690364,2.5432621561000635,1.5,5.646485453218886,26.770317703803762,2.757704020760022,26.645327240013508,14.566808058325769,1,-73.03559875488281,18.155323028564453,0.0,1,-73.35467529296875,18.83465003967285,0.0,3,0,45.0,-5.0,40.0,2,0,30.0,-5.0,25.0,3,0,2,0,13.09921062205752,25.671848393186828,13.561795424552479,8.53190647441521,4.567304147642308,13.09921062205752
48,28,6.131595091767275,4.760398768345849,1.5,7.76259330398374,37.82476377550078,2.224880557341782,23.880756055256246,4.298718838087376,6.139206740159266,1.5,7.494587583539487,55.0,4.610883717932309,24.18593765950582,17.175236224499223,1,-76.1192398071289,25.893224716186523,1.7763568394002505e-06,1,-75.8140640258789,24.999252319335938,0.0,3,0,45.0,-5.0,40.0,4,0,60.0,-5.0,55.0,3,0,4,0,7.2643975835360965,16.73661884675723,10.540794397173585,5.590050034374051,3.623641589492959,9.21369162386701
49,28,1.7661222242117236,1.301099372071314,1.5,2.193637911520252,36.37901412245881,4.081742252020231,34.85759428782998,1.1873849316655118,1.6957614233937228,1.5,2.0701424542810134,55.0,2.521168016091982,35.36088745140415,18.620985877541187,1,-65.14241027832031,7.317188262939453,0.0,1,-64.63911437988281,6.905251979827881,4.440892098500626e-07,3,0,45.0,-5.0,40.0,4,0,60.0,-5.0,55.0,3,0,4,0,13.353570078591424,29.121918889443382,10.717648537948921,9.675856940899294,3.6777131376921304,13.353570078591424
50,29,6.273954375293793,4.6642920635956555,1.5,7.817808130018896,36.62849113376992,3.0520860432679937,23.819192742959526,3.808751084045921,-4.238828022376591,1.5,5.698618062610094,-48.05907829338449,2.46097579466636,26.565502019840466,84.68756942715441,1,-76.1808090209961,26.0773983001709,1.7763568394002505e-06,1,-73.43449401855469,19.008544921875,0.0,3,0,45.0,-5.0,40.0,5,0,-45.0,-5.0,-50.0,3,0,5,0,15.414586956871958,20.208492741995666,26.14229541860745,6.726801576547019,8.68778538032494,15.414586956871958
51,29,3.5444314601329316,3.419832119990019,1.5,4.925266094790767,43.97501657433722,3.7431578249948525,27.832298400427234,4.200342905626993,-4.81566830207322,1.5,6.390112809680576,-48.90427231523466,3.9807278748231583,25.57072116299405,92.87928888957188,1,-72.1677017211914,16.428918838500977,0.0,1,-74.42927551269531,21.315122604370117,0.0,3,0,45.0,-5.0,40.0,5,0,-45.0,-5.0,-50.0,3,0,5,0,13.41237337502726,14.876825285361363,25.34674313377551,4.988161583910152,8.424211791117107,13.41237337502726
52,30,5.691413845203038,5.010724206694224,1.5,7.582845681729274,41.36071035633067,4.676455888394614,24.08424781301327,4.553052320199997,-2.810226060833187,1.5,5.3504818421768885,-31.683633434382454,1.26507089687427,27.113034554026285,73.04434379071313,1,-75.9157485961914,25.293649673461914,0.0,1,-72.88697052001953,17.8472843170166,0.0,3,0,45.0,-5.0,40.0,6,0,-30.0,-5.0,-35.0,3,0,6,0,14.384139150990798,17.18745324057624,26.020065572422958,5.736857786045272,8.647281364945526,14.384139150990798
53,30,2.4078770554451627,1.7963402025409954,1.5,3.004115516654493,36.723915758707655,1.8835827260506255,32.126560105673654,2.3487683975653413,-1.862377249756293,1.5,2.997525980840112,-38.41147987545945,2.9657528834252767,32.14563244617884,75.13539563416711,1,-67.87344360351562,10.020649909973145,0.0,1,-67.8543701171875,9.998671531677246,0.0,3,0,45.0,-5.0,40.0,6,0,-30.0,-5.0,-35.0,3,0,6,0,15.026938640933793,29.164264854320567,15.957272297206359,9.689906851368663,5.337031789565129,15.026938640933793
54,31,5.154886903014269,4.6453393394881655,1.5,6.939166849259671,42.023674863317055,1.2832667110831926,24.854746253156456,3.3579583478959005,-1.130224884006323,1.5,3.5430625953588333,-18.602253723086953,1.857743617366694,30.693315951524834,60.62592858640401,1,-75.14525604248047,23.146568298339844,0.0,1,-69.30668640136719,11.818384170532227,0.0,3,0,45.0,-5.0,40.0,7,0,-15.0,-5.0,-20.0,3,0,7,0,13.851054408305993,17.684266448759306,23.92059129567326,5.89896835254452,7.952086055761473,13.851054408305993
55,31,2.3820536770813665,1.901502500536364,1.5,3.0479323286521476,38.59903085885397,2.5613497838580725,32.00078794911149,6.560807475312303,-2.0606354332185317,1.5,6.876802535826481,-17.436596097536622,2.895150386613413,24.933161419860397,56.035626956390594,1,-67.99920654296875,10.166807174682617,0.0,1,-75.06684112548828,22.93854522705078,0.0,3,0,45.0,-5.0,40.0,7,0,-15.0,-5.0,-20.0,3,0,7,0,15.679386189260065,23.444151976498762,23.71748502531094,7.7944916750957605,7.884894514164304,15.679386189260065
56,32,5.162205125815704,7.162779794040809,1.5,8.829143567692011,54.21976157043221,1.7231461020282466,22.76252066103598,7.710661924175423,-0.8907764481323753,1.5,7.761944987532183,-6.5898986413440825,1.5326463770486454,23.881481413705366,60.8096602117763,1,-77.23748016357422,29.45085334777832,0.0,1,-76.11851501464844,25.891061782836914,0.0,4,0,60.0,-5.0,55.0,0,0,0.0,-5.0,-5.0,4,0,0,0,14.870988627837495,21.14062071832491,23.573212162733558,7.033814369156431,7.837174258681064,14.870988627837495
57,32,1.6361171428550911,2.3123054811117236,1.5,2.832602327034917,54.717934501182796,4.019011574830957,32.63717972666941,5.664163907209038,-0.8641754439750913,1.5,5.729707842961899,-8.674661222417734,4.119830995766743,26.518241356869908,63.39259572360053,1,-67.3628158569336,9.4485445022583,0.0,1,-73.48175811767578,19.11224937438965,0.0,4,0,60.0,-5.0,55.0,0,0,0.0,-5.0,-5.0,4,0,0,0,15.684608933940677,26.579543870644695,20.588537213150634,8.832701047735357,6.8519078862053195,15.684608933940677
58,33,4.587722424923279,6.551946636640282,1.5,7.998449960931545,55.0,2.286804732182523,23.62077572326517,4.5528272120939945,0.5621875690041084,1.5,4.587405637822573,7.039305967876923,1.521240677664509,28.449549572053247,47.96069403212308,1,-76.37922668457031,26.679956436157227,0.0,1,-71.55045318603516,15.3019380569458,0.0,4,0,60.0,-5.0,55.0,1,0,15.0,-5.0,10.0,4,0,1,0,15.591255081073056,19.12309402411893,27.751153594063407,6.370102072817735,9.221153008255321,15.591255081073056
59,33,4.558730775543137,6.510542270365866,1.5,7.947904562719966,55.0,2.5361193411739458,23.67584024642394,4.1128337323911435,0.6995424158347477,1.5,4.171901353321574,9.652928754104979,1.0855295841226758,29.27421407300048,45.34707124589502,1,-76.32415771484375,26.511356353759766,1.7763568394002505e-06,1,-70.72578430175781,13.91596508026123,0.0,4,0,60.0,-5.0,55.0,1,0,15.0,-5.0,10.0,4,0,1,0,13.448035166968225,19.142562252651956,21.25505995075331,6.376491265964391,7.071543901003834,13.448035166968225
60,34,5.016904025721039,7.1648814843499915,1.5,8.746705247581932,55.0,2.7518169816021283,22.84400371111316,6.876626021498095,3.714970486035126,1.5,7.815944674296049,28.37931790745153,2.4058095040366094,23.821263178599104,26.62068209254847,1,-77.15599822998047,29.175867080688477,0.0,1,-76.1787338256836,26.071184158325195,0.0,4,0,60.0,-5.0,55.0,2,0,30.0,-5.0,25.0,4,0,2,0,9.092292467899622,15.15841865861561,11.804068411887819,5.078848256232136,4.013444211667485,9.092292467899622
61,34,2.5452613930923516,3.6299786721102847,1.5,4.433407348658813,54.962704393875875,2.422667861592434,28.746140120366142,7.981530379858619,3.5790635360427396,1.5,8.747258027498493,24.152332650140007,3.997784810257272,22.84345419670646,30.810371743735868,1,-71.25386047363281,14.78825569152832,0.0,1,-77.15653991699219,29.177709579467773,1.7763568394002505e-06,4,0,60.0,-5.0,55.0,2,0,30.0,-5.0,25.0,4,0,2,0,10.76510360062636,15.707664557884065,16.486940134129043,5.256223804516527,5.508879796109833,10.76510360062636
62,35,3.709515610685915,4.59231254779456,1.5,5.903375356739046,51.06988858745522,1.3378319532853378,26.258885439431694,7.2741764836759115,5.885582642719027,1.5,9.357014831661813,38.976542826826076,1.1983127742248234,22.25814744274592,12.093345760629141,1,-73.74111938476562,19.691539764404297,0.0,1,-77.74185180664062,31.211641311645508,0.0,4,0,60.0,-5.0,55.0,3,0,45.0,-5.0,40.0,4,0,3,0,6.404973994404275,4.982667122430266,12.882689265538996,2.0530007929448955,4.35197320145938,6.404973994404275
63,35,2.1594623380548006,3.034812427269592,1.5,3.7246965055138466,54.565726256130354,3.710739137013103,30.259076029285673,3.5776175921118707,3.0114260789956457,1.5,4.676327048511837,40.08868163755056,4.993292795955211,28.282795061417623,14.477044618579797,1,-69.74092102050781,12.424250602722168,0.0,1,-71.71720886230469,15.598546981811523,0.0,4,0,60.0,-5.0,55.0,3,0,45.0,-5.0,40.0,4,0,3,0,3.0119359970549677,9.958011953798806,10.45684162842015,3.446757090262981,3.598035848370662,7.044792938633643
64,37,5.242192329175348,7.486626525870577,1.5,9.139483418330261,55.0,1.3381835235061619,22.46246068846488,3.555905491368853,-3.7110667018237127,1.5,5.139696482179847,-46.22316855934732,2.9780039270225678,27.46214262583498,101.22316855934733,1,-77.53754425048828,30.48603630065918,0.0,1,-72.53785705566406,17.144182205200195,0.0,4,0,60.0,-5.0,55.0,5,0,-45.0,-5.0,-50.0,4,0,5,0,9.530361386566948,15.91336850880812,12.424327981743986,5.322809866940927,4.207551519626022,9.530361386566948
65,37,4.3593218329589964,6.225756786487772,1.5,7.600245680753455,55.0,3.2435409239347797,24.064339836596833,6.347585268950772,-7.16783297392086,1.5,9.5744278308747,-48.47300821672763,1.7070496667759056,22.058635378442872,103.47300821672764,1,-75.93566131591797,25.3516902923584,0.0,1,-77.94136810302734,31.936853408813477,0.0,4,0,60.0,-5.0,55.0,5,0,-45.0,-5.0,-50.0,4,0,5,0,10.099528171101822,16.220520059168734,13.906457024108851,5.422380081573775,4.677148089528047,10.099528171101822
66,38,2.23597588674588,2.857040897972712,1.5,3.6279844071877907,51.95257396336783,4.633737176769671,30.487584926251813,6.274458012976701,-4.557254950461705,1.5,7.754830497187881,-35.99159803463931,3.079826795653246,23.88944764537182,87.94417199800714,1,-69.51241302490234,12.101654052734375,0.0,1,-76.11054992675781,25.86733055114746,0.0,4,0,60.0,-5.0,55.0,6,0,-30.0,-5.0,-35.0,4,0,6,0,14.937344218293067,22.305221768017706,22.611458904416693,7.418094441159601,7.5192497771334645,14.937344218293067
67,38,3.314232790276399,4.733214953312596,1.5,5.778188538149759,55.0,1.3470028546532649,26.445058126122095,5.418483378268215,-3.734307270562931,1.5,6.5806544440160435,-34.57381226454737,3.1076213216045088,25.3155114673384,89.57381226454737,1,-73.55493927001953,19.273962020874023,0.0,1,-74.68448638916016,21.950698852539062,0.0,4,0,60.0,-5.0,55.0,6,0,-30.0,-5.0,-35.0,4,0,6,0,17.12235948202882,26.436806717820392,25.083325570931176,8.78539051256203,8.336968969466792,17.12235948202882
68,39,4.907353532480042,6.784622035162559,1.5,8.37336341339355,54.12158236695815,4.653647632987971,23.22289381106465,2.8901601004446467,-1.101964896620382,1.5,3.09311364802294,-20.870929062830903,4.269998330672161,31.872975365236783,74.99251142978906,1,-76.77710723876953,27.93053436279297,1.7763568394002505e-06,1,-68.12702941894531,10.317517280578613,0.0,4,0,60.0,-5.0,55.0,7,0,-15.0,-5.0,-20.0,4,0,7,0,17.0564709523557,23.031093545509655,28.286003164200064,7.657924888040292,9.398546064315408,17.0564709523557
69,39,4.64197447351324,6.629426591695711,1.5,8.093035521201593,55.0,1.9788355021041646,23.51866516858705,4.554734393236283,-1.5905165622683164,1.5,4.82445316360096,-19.249238765523394,3.664564789077212,28.011931577067934,74.24923876552339,1,-76.48133087158203,26.995460510253906,0.0,1,-71.98806762695312,16.092641830444336,0.0,4,0,60.0,-5.0,55.0,7,0,-15.0,-5.0,-20.0,4,0,7,0,16.786017486265965,23.51323032555562,26.989742977706083,7.817336459057655,8.96868102720831,16.786017486265965
70,40,6.484779123198918,-7.549359442878825,1.5,9.952144908232608,-49.33794827053726,1.3284536283226798,21.722558520627654,8.752911057890817,-1.2941891463040625,1.5,8.84807196703093,-8.410708939574711,4.055630665857855,22.74392051023427,40.92723933096255,1,-78.2774429321289,33.196781158447266,0.0,1,-77.2560806274414,29.513988494873047,0.0,5,0,-45.0,-5.0,-50.0,0,0,0.0,-5.0,-5.0,5,0,0,0,12.17146846250316,20.568495382032857,15.923713260594738,6.845307902587583,5.326160559915578,12.17146846250316
71,40,4.011841058305365,-4.659071216103431,1.5,6.148317922312429,-49.26886026858966,1.8997820800562355,25.905766071116815,4.638627329154419,-0.36465290297289893,1.5,4.652938344575911,-4.494905670359335,1.708575618796524,28.326346787297027,44.773954598230326,1,-74.09423065185547,20.508581161499023,0.0,1,-71.67365264892578,15.520530700683594,0.0,5,0,-45.0,-5.0,-50.0,0,0,0.0,-5.0,-5.0,5,0,0,0,16.92511418154745,23.24853392553016,27.673214744571524,7.729808126636914,9.195306054910535,16.92511418154745
72,41,5.602961678280127,-6.624312322322816,1.5,8.676098968543037,-49.7748619665184,2.7046668900502584,22.914402683538427,2.163214767709366,0.38715490442034317,1.5,2.197586642490487,10.14691271936644,1.2901212536576327,34.84197418112957,59.92177468588484,1,-77.0855941772461,28.940351486206055,0.0,1,-65.15802001953125,7.33035945892334,4.440892098500626e-07,5,0,-45.0,-5.0,-50.0,1,0,15.0,-5.0,10.0,5,0,1,0,17.658072417028862,22.710121068994006,30.418825079047455,7.551847984578095,10.106224432450766,17.658072417028862
73,41,5.571442166579459,-6.560170458277188,1.5,8.606788266083484,-49.659316882607854,2.217746441577318,22.984070248581283,9.648900886919483,1.8489647854544258,1.5,9.824457191287777,10.847768391182592,2.0437558770068396,21.834721578732523,60.507085273790445,1,-77.01593017578125,28.70915412902832,0.0,1,-78.16527557373047,32.7708625793457,0.0,5,0,-45.0,-5.0,-50.0,1,0,15.0,-5.0,10.0,5,0,1,0,14.469072435098985,22.82720359496294,20.6693863053199,7.590537436140671,6.878534998958314,14.469072435098985
74,42,6.874447168984543,-7.181948468709469,1.5,9.94175073547702,-46.2532172087724,2.6175679461819543,21.731635223229123,7.948887675477841,3.226412597965003,1.5,8.578726801202542,22.09198032925954,1.0201535031453082,23.012435968811708,68.34519753803194,1,-78.26836395263672,33.162109375,0.0,1,-76.98756408691406,28.615550994873047,0.0,5,0,-45.0,-5.0,-50.0,2,0,30.0,-5.0,25.0,5,0,2,0,14.114949780585507,20.786883770380086,21.637581671324803,6.917239500683663,7.197710279901844,14.114949780585507
75,42,6.2500007228222465,-7.755019603840297,1.5,9.960062152980067,-51.13362701723424,4.129881283342579,21.715652059210456,6.337725609872661,3.2834307167924717,1.5,7.137764578494594,27.387640983471425,4.322812289387476,24.609648225432355,78.52126800070566,1,-78.28434753417969,33.22319412231445,0.0,1,-75.39035034179688,23.80902099609375,0.0,5,0,-45.0,-5.0,-50.0,2,0,30.0,-5.0,25.0,5,0,2,0,12.233726410650984,19.080632135143333,17.61870959856609,6.356167893618768,5.877558517032216,12.233726410650984
76,43,4.6443716824746994,-5.51736338307204,1.5,7.211898988881986,-49.91020752495089,2.0715329071536406,24.519900024700192,6.192493734322297,5.824148952402207,1.5,8.501040505102221,43.24426874240715,3.7823757892365246,23.091451216898143,93.15447626735804,1,-75.4801025390625,24.056304931640625,0.0,1,-76.90855407714844,28.35641860961914,1.7763568394002505e-06,5,0,-45.0,-5.0,-50.0,3,0,45.0,-5.0,40.0,5,0,3,0,12.834398866121536,22.965485770457363,15.528079443226817,7.636239186722694,5.198159679398842,12.834398866121536
77,43,5.537659612773724,-6.195151067014988,1.5,8.309366445769628,-48.20742632351714,2.112365924684672,23.28953401707423,6.007681650250316,5.682964844910455,1.5,8.269723589047125,43.408974201599435,3.3189248786729832,23.331073582867354,91.61640052511657,1,-76.71046447753906,27.717063903808594,1.7763568394002505e-06,1,-76.6689224243164,27.58482551574707,0.0,5,0,-45.0,-5.0,-50.0,3,0,45.0,-5.0,40.0,5,0,3,0,12.812129303752101,23.11540528982504,15.305650398225554,7.685795294380627,5.126334009371473,12.812129303752101
78,44,2.9893809254914205,-3.971629041317205,1.5,4.970939102375542,-53.031815204750195,3.2018488143718606,27.752124846513155,3.8153441274966586,4.908557124071625,1.5,6.216975458492461,52.142639457119074,1.6940841252113268,25.80931065821985,105.17445466186928,1,-72.24787902832031,16.581268310546875,0.0,1,-74.19068908691406,20.73759651184082,0.0,5,0,-45.0,-5.0,-50.0,4,0,60.0,-5.0,55.0,5,0,4,0,13.155262585139095,26.12076873047515,13.270050889201045,8.680651753631523,4.474610831507572,13.155262585139095
79,44,1.7911491750957649,-2.258051916659655,1.5,2.882189068360468,-51.57757711444076,3.0706189148850127,32.48644356432648,5.474654576557057,7.329029642905325,1.5,9.14803357226033,53.24092390722603,3.028618653422781,22.45433797066555,104.81850102166679,1,-67.51355743408203,9.613947868347168,0.0,1,-77.54566192626953,30.51455307006836,0.0,5,0,-45.0,-5.0,-50.0,4,0,60.0,-5.0,55.0,5,0,4,0,11.65870139240663,20.976733782890847,13.911963146436698,6.979795659860202,4.678905732546429,11.65870139240663
80,46,2.080380943953426,-2.539903386897116,1.5,3.283153070865869,-50.67982259201073,3.4402212668946066,31.35507060770598,5.20742387081095,-4.165067916076488,1.5,6.668212212866462,-38.65396305270644,4.802111160138376,25.200704714269804,12.025859539304292,1,-68.64492797851562,10.951419830322266,0.0,1,-74.7992935180664,22.24276351928711,0.0,5,0,-45.0,-5.0,-50.0,6,0,-30.0,-5.0,-35.0,5,0,6,0,-6.660431900931396,15.901560302389894,5.34265360758877,5.318985400806734,2.144661378811405,7.46364677961814
81,46,4.646516894078548,-5.311154098615878,1.5,7.056803604054855,-48.818614463698815,2.682076469273241,24.70873314088099,4.084676952972818,-3.0469230677008334,1.5,5.0959126749420225,-36.72072219270903,4.29954076458751,27.536453651621215,12.097892270989782,1,-75.29126739501953,23.53896141052246,0.0,1,-72.46354675292969,16.99813461303711,0.0,5,0,-45.0,-5.0,-50.0,6,0,-30.0,-5.0,-35.0,5,0,6,0,4.615703136447941,10.972963037462119,9.181414005392455,3.7560757172736023,3.214453998603147,6.970529715876749
82,47,1.772505416419808,-2.044510645344775,1.5,2.7058823385664175,-49.076076922359974,4.519890717778146,33.03471529200116,6.276285080496208,-2.623027283198188,1.5,6.80235448503394,-22.681353667616317,2.1430631746961963,25.027707329441764,26.394723254743656,1,-66.96528625488281,9.02585220336914,8.881784197001252e-07,1,-74.9722900390625,22.690210342407227,0.0,5,0,-45.0,-5.0,-50.0,7,0,-15.0,-5.0,-20.0,5,0,7,0,10.615573498425457,18.076212044202663,13.628363183388142,6.027081940746128,4.588491557679329,10.615573498425457
83,47,5.797034669535003,-6.758422844512764,1.5,8.904037865206032,-49.37867018154424,3.959483804584146,22.68915308251931,3.5786413735711204,-1.3032064295547727,1.5,3.808545795795016,-20.009718873864323,4.276366909203997,30.065709159422834,29.368951307679914,1,-77.31085205078125,29.700672149658203,0.0,1,-69.93429565429688,12.703941345214844,0.0,5,0,-45.0,-5.0,-50.0,7,0,-15.0,-5.0,-20.0,5,0,7,0,12.351372373490847,17.321512878677723,19.73416227536594,5.780568888128192,6.570803485362656,12.351372373490847
84,48,2.2994477190311207,-1.7598477538944475,1.5,2.8956042425450264,-37.42809373652676,3.0830358578373627,32.446108056002295,4.314605282521109,-0.6093898192761042,1.5,4.357427531904165,-8.039214016338061,2.03590583517989,28.896290633094516,29.3888797201887,1,-67.55389404296875,9.658695220947266,0.0,1,-71.10371398925781,14.53481388092041,8.881784197001252e-07,6,0,-30.0,-5.0,-35.0,0,0,0.0,-5.0,-5.0,6,0,0,0,13.125247578687969,18.481012810598504,20.933851672330803,6.159583633440753,6.965663945247217,13.125247578687969
85,48,6.076052153266922,-4.387935388657727,1.5,7.494823996883078,-35.83564189584352,4.3845612251734,24.185663701411457,5.398410960702637,-0.8151988385078462,1.5,5.45961445955105,-8.587194814729935,3.5255254989975833,26.937653376263462,27.24844708111359,1,-75.81433868408203,25.000041961669922,0.0,1,-73.06234741210938,18.211313247680664,0.0,6,0,-30.0,-5.0,-35.0,0,0,0.0,-5.0,-5.0,6,0,0,0,12.848086051887837,20.208772463227014,18.363781839216713,6.726893620659789,6.121192431228048,12.848086051887837
86,49,2.7803332560956266,-1.9037612215999273,1.5,3.3696527719957965,-34.40038314289248,1.2286461535640112,31.129189851567894,4.807734460827871,0.6403778668265189,1.5,4.850195301032025,7.586992469440882,1.056925630051079,27.965707952643342,41.98737561233336,1,-68.87081146240234,11.239951133728027,0.0,1,-72.03429412841797,16.178508758544922,0.0,6,0,-30.0,-5.0,-35.0,1,0,15.0,-5.0,10.0,6,0,1,0,16.281188769201428,22.234860141331268,26.74133198502544,7.39485858616887,8.886330183032559,16.281188769201428
87,49,2.9126870178217956,-2.3320293386149125,1.5,3.73123391118117,-38.68234765730176,1.897304317583263,30.24384264233533,4.068717953289557,0.7736139277814711,1.5,4.141611315982976,10.765544315513598,4.733372412042326,29.337504941666527,49.447891972815356,1,-69.75615692138672,12.446056365966797,0.0,1,-70.66249084472656,13.814927101135254,0.0,6,0,-30.0,-5.0,-35.0,1,0,15.0,-5.0,10.0,5,0,1,0,12.181281154449572,17.03905026003431,19.49672680436595,5.688499466330445,6.492781688119126,12.181281154449572
88,50,5.038288139318288,-4.068157004921357,1.5,6.4756658956037905,-38.919080328224034,1.4091653178698453,25.45520362018257,8.353617720070137,3.8181169514110884,1.5,9.18482150440184,24.563315002307917,3.359381124253534,22.419478981483017,63.48239533053195,1,-74.5447998046875,21.600496292114258,0.0,1,-77.58052062988281,30.637264251708984,0.0,6,0,-30.0,-5.0,-35.0,2,0,30.0,-5.0,25.0,6,0,2,0,11.62389438682677,16.41121386019423,18.420036660417814,5.484281266765811,6.139613120060957,11.62389438682677
89,50,4.267980629150032,-3.1956028431483645,1.5,5.331747948087739,-36.823623599203096,3.097350017934523,27.14350020020224,7.7299368916513185,3.681860451015133,1.5,8.56201032057667,25.46901302100731,4.857092404078478,23.02937787910092,62.2926366202104,1,-72.85649871826172,17.7847957611084,0.0,1,-76.97061920166016,28.559789657592773,1.7763568394002505e-06,6,0,-30.0,-5.0,-35.0,2,0,30.0,-5.0,25.0,6,0,2,0,11.813816953911054,17.628101814795475,17.789023054202563,5.880625531587331,5.933191422323724,11.813816953911054
90,51,2.409734360574321,-1.4789132055192586,1.5,2.827366965569164,-31.53846351947963,4.067413715551762,32.65324916424098,5.125945541010119,4.33754822654507,1.5,6.714882151386263,40.23772418167579,4.202827335533932,25.14012507821263,71.77618770115542,1,-67.34674835205078,9.43108081817627,0.0,1,-74.85987854003906,22.398435592651367,0.0,6,0,-30.0,-5.0,-35.0,3,0,45.0,-5.0,40.0,6,0,3,0,16.553947215170467,31.104765590463252,18.665561532111607,10.33389769617343,6.220049518997035,16.553947215170467
91,51,5.608812939906086,-3.7834759112589498,1.5,6.765609548735036,-34.00199261594826,3.009860010115995,25.074755685390414,5.78442293158522,4.340494609702926,1.5,7.231835320878726,36.88369845374841,4.262196512944325,24.49592248520549,70.88569106969666,1,-74.92524719238281,22.567642211914062,0.0,1,-75.50408172607422,24.122806549072266,0.0,6,0,-30.0,-5.0,-35.0,3,0,45.0,-5.0,40.0,6,0,3,0,14.563570717662568,20.498137295695212,23.283685260934234,6.822140357449907,7.74143036021266,14.563570717662568
92,52,7.621974627058755,-5.926507668531653,1.5,9.654946419358936,-37.867044629755284,2.6584792094148813,21.985896879758947,4.73241670239987,6.758591480605465,1.5,8.250716735342817,55.0,2.0608665619619018,23.351058968855934,92.86704462975528,1,-78.01409912109375,32.20543670654297,0.0,1,-76.64894104003906,27.521427154541016,0.0,6,0,-30.0,-5.0,-35.0,4,0,60.0,-5.0,55.0,6,0,4,0,13.570510416057665,17.40603805425589,23.347010096539663,5.808141592711018,7.762368823346648,13.570510416057665
93,52,6.633791952687844,-5.2201091753153195,1.5,8.441370473670563,-38.19909143885827,2.127144683924512,23.15263452840786,1.8977510197166627,2.6314272969004544,1.5,3.2443594979145676,54.201349302968694,4.717903747750382,31.45831332133675,92.40044074182697,1,-76.84736633300781,28.157379150390625,1.7763568394002505e-06,1,-68.54168701171875,10.82201862335205,0.0,6,0,-30.0,-5.0,-35.0,4,0,60.0,-5.0,55.0,6,0,4,0,15.662264491967324,17.096618975889257,29.963187068218193,5.707254955718857,9.955009536248467,15.662264491967324
94,53,3.2227681206344316,-2.125660695941626,1.5,3.860656388964009,-33.407888107310185,4.979562089902407,29.947671312172844,1.6211516938049917,-2.096483494547525,1.5,2.6501652509300238,-52.28622772236679,4.337079157103785,33.215433127516626,18.878339615056603,1,-70.05233001708984,12.877762794494629,8.881784197001252e-07,1,-66.7845687866211,8.84000015258789,0.0,6,0,-30.0,-5.0,-35.0,5,0,-45.0,-5.0,-50.0,6,0,5,0,14.691223379009202,21.371394812545393,22.799303300337126,7.109905980040631,7.58131739896857,14.691223379009202
95,53,2.9229772426699485,-1.854205158564438,1.5,3.4614841804077896,-32.38920234450971,3.0753339106749773,30.89564554542127,5.469467924389951,-6.033733888761457,1.5,8.143772099974248,-47.808275939641256,4.013140400077525,23.46438106110735,15.419073595131543,1,-69.10435485839844,11.546268463134766,0.0,1,-76.5356216430664,27.16469955444336,0.0,6,0,-30.0,-5.0,-35.0,5,0,-45.0,-5.0,-50.0,6,0,5,0,11.69931002896236,30.25378971798905,8.954140129880017,10.05145156669145,3.147281551968452,13.198733118659902
96,55,3.0484402181681696,-1.9918432362654077,1.5,3.641486954748218,-33.16050070710609,1.6505640123663494,30.455317596686267,3.305890050774741,-1.2515485175397323,1.5,3.5348667187840794,-20.735734154698356,4.823135367462449,30.7134325490444,12.424766552407732,1,-69.54468536376953,12.146693229675293,0.0,1,-69.28656768798828,11.791047096252441,0.0,6,0,-30.0,-5.0,-35.0,7,0,-15.0,-5.0,-20.0,6,0,7,0,13.638510768179348,17.216315154643546,23.739704330861425,5.74626630811916,7.892244460060188,13.638510768179348
97,55,1.9662616727509632,-1.219292972568175,1.5,2.3136249304248846,-31.803348262234245,2.4546629195318457,34.395034782231036,4.035243776986653,-1.2683197951130214,1.5,4.2298732182401215,-17.44848482164789,1.9890134801799855,29.154345058736816,14.354863440586353,1,-65.60496520996094,7.717421531677246,0.0,1,-70.84565734863281,14.10933780670166,0.0,6,0,-30.0,-5.0,-35.0,7,0,-15.0,-5.0,-20.0,6,0,7,0,9.279887102928878,11.752567411072798,15.788825682024676,3.997401210570176,5.282485892358703,9.279887102928878
98,56,1.9349642072309687,-0.6680418642656758,1.5,2.0470384499751173,-19.04711394232351,2.0137569025403614,35.45837256060753,4.407148972354851,-0.12817243127623199,1.5,4.409012387901363,-1.6658547247227649,2.397444938280451,28.794067227035015,17.381259217600743,1,-64.5416259765625,6.828185081481934,0.0,1,-71.2059326171875,14.70688247680664,8.881784197001252e-07,7,0,-15.0,-5.0,-20.0,0,0,0.0,-5.0,-5.0,7,0,0,0,13.748973935755593,28.99383090879404,12.131185558667198,9.63335982911747,4.115614106638123,13.748973935755593
99,56,8.851219150030852,-3.426581592641908,1.5,9.491340361240095,-21.162966771556896,3.7821949669069626,22.13434198048914,4.444604376073532,-0.23781608695635012,1.5,4.4509622050773725,-3.0627870930676577,1.4173479473217463,28.71181464790334,18.100179678489237,1,-77.86566162109375,31.659700393676758,0.0,1,-71.2881851196289,14.846811294555664,0.0,7,0,-15.0,-5.0,-20.0,0,0,0.0,-5.0,-5.0,7,0,0,0,9.905116308133794,15.32980027127353,14.200057133498397,5.134127361933407,4.7709889462003865,9.905116308133794
100,57,2.7344176392176696,-0.995375562712799,1.5,2.909950572863834,-20.00238555944328,2.7318172574637516,32.40318014628627,7.513673301200982,1.1459208780159291,1.5,7.600554001903628,8.671440105019608,1.1564649882771052,24.06398758649056,28.67382566446289,1,-67.5968246459961,9.706550598144531,0.0,1,-75.9360122680664,25.352720260620117,0.0,7,0,-15.0,-5.0,-20.0,1,0,15.0,-5.0,10.0,7,0,1,0,13.364604629396085,19.339689170686945,20.805583034204776,6.441204652832389,6.923399976563696,13.364604629396085
101,57,4.55650418560006,-1.941125515816992,1.5,4.95274657756145,-23.074587095002222,1.7279326964247632,27.783969531547378,4.697464695692377,0.6584876790977144,1.5,4.743393362435775,7.979690178175749,2.228825568091898,28.159109421386358,31.054277273177973,1,-72.21602630615234,16.520584106445312,0.0,1,-71.84088897705078,15.822256088256836,0.0,7,0,-15.0,-5.0,-20.0,1,0,15.0,-5.0,10.0,7,0,1,0,13.448384807470644,15.507621847499557,24.84133008477745,5.191549353470579,8.256835454000065,13.448384807470644
102,58,6.214808717667533,-1.8578941234760848,1.5,6.486572127961219,-16.64384095240944,4.921614679796022,25.440587785578987,3.138144634545344,1.2754894452723256,1.5,3.3874511173339217,22.1191355727248,1.6204953824855406,31.083432497919414,38.76297652513424,1,-74.55941009521484,21.63687515258789,0.0,1,-68.91656494140625,11.299321174621582,0.0,7,0,-15.0,-5.0,-20.0,2,0,30.0,-5.0,25.0,7,0,2,0,16.44758732508362,23.838272987296627,25.644165512705094,7.924851980216452,8.522735344867169,16.44758732508362
103,58,7.150079575174415,-3.039638058891111,1.5,7.7693653190196725,-23.031289775056738,3.9796355662200704,23.873181799574567,7.899923546824399,3.0900500680186216,1.5,8.482759071701405,21.36292106335212,3.2092665683248502,23.110149231496138,44.39421083840885,1,-76.12681579589844,25.915813446044922,0.0,1,-76.88984680175781,28.29543685913086,0.0,7,0,-15.0,-5.0,-20.0,2,0,30.0,-5.0,25.0,7,0,2,0,12.72529393278061,16.280059459942144,21.897836811674885,5.44170050997865,7.28359342280196,12.72529393278061
104,59,4.97875935361057,-1.6617931491368731,1.5,5.2487713964015414,-18.457801081465323,1.54305535259039,27.27974020575237,4.937062458269392,4.341717405480358,1.5,6.574579510957649,41.32882059545875,2.115308062954789,25.323532731420322,59.78662167692407,1,-72.72026062011719,17.50801658630371,0.0,1,-74.67646789550781,21.930435180664062,0.0,7,0,-15.0,-5.0,-20.0,3,0,45.0,-5.0,40.0,7,0,3,0,13.851489153910542,23.249242312812918,18.36455876984084,7.730042339334497,6.121446814576046,13.851489153910542
105,59,5.765584342902913,-2.0375362633354652,1.5,6.115023862548229,-19.46322046947992,2.4537921981829647,25.95293006355329,1.7188447095034873,1.4741131953018882,1.5,2.264384430248378,40.61700445718859,3.990971102363446,34.58188833787544,60.080224926668514,1,-74.04707336425781,20.397523880004883,0.0,1,-65.41810607910156,7.553172588348389,0.0,7,0,-15.0,-5.0,-20.0,3,0,45.0,-5.0,40.0,7,0,3,0,13.600349253350371,20.77979682333587,20.082791555008082,6.914904761984179,6.685444491366193,13.600349253350371
106,60,5.611158618700515,-2.097407816619938,1.5,5.990343946171663,-20.495355440874462,1.2950243690725611,26.13185657231421,5.042699502486779,6.917070326464512,1.5,8.56006309402193,53.90711141382994,2.9358722978417333,23.031354084539196,74.4024668547044,1,-73.8681411743164,19.981637954711914,0.0,1,-76.96864318847656,28.55329704284668,0.0,7,0,-15.0,-5.0,-20.0,4,0,60.0,-5.0,55.0,7,0,4,0,16.071002633977734,25.61208815660038,22.731445284306524,8.512108557546242,7.558894076431491,16.071002633977734
107,60,6.66148953134319,-2.841257225198886,1.5,7.242111943068803,-23.09920790439476,1.3190060862429456,24.48358756915934,5.2091584700494895,6.865850840793662,1.5,8.618308403283987,52.81221112998623,2.1769934270352613,22.9724522744357,75.911419034381,1,-75.51641845703125,24.15708351135254,0.0,1,-77.02754974365234,28.747581481933594,0.0,7,0,-15.0,-5.0,-20.0,4,0,60.0,-5.0,55.0,7,0,4,0,13.441348570155775,18.617104630051642,21.757198008053216,6.204169613051416,7.2371789571043585,13.441348570155775
108,61,6.6421695623374415,-2.8890463844497174,1.5,7.243273121065085,-23.506883172986146,3.3385952946015336,24.482195129798427,3.5819790960580713,-4.7893027046920205,1.5,5.980634969780993,-53.20672826528735,4.7343207914507985,26.14594628627525,29.699845092301207,1,-75.51780700683594,24.16095733642578,0.0,1,-73.85405731201172,19.949249267578125,0.0,7,0,-15.0,-5.0,-20.0,5,0,-45.0,-5.0,-50.0,7,0,5,0,12.711377348453205,12.455239990891656,25.557760414397045,4.217266334180196,8.494111014273008,12.711377348453205
109,61,3.496135513048869,-1.1650965988117985,1.5,3.685161273291075,-18.430790760581665,3.6044480676087267,30.351763264905912,1.8177817763798125,-2.1335968650937884,1.5,2.8029566834463546,-49.56966795889669,2.718222819965286,32.72856467074861,31.138877198315022,1,-69.64823913574219,12.292375564575195,0.0,1,-67.27143859863281,9.349656105041504,0.0,7,0,-15.0,-5.0,-20.0,5,0,-45.0,-5.0,-50.0,7,0,5,0,15.17990269668151,26.604442791250417,19.028152129961228,8.840954200849596,6.338948495831912,15.17990269668151
110,62,8.172047523850534,-2.354570601696375,1.5,8.504490781372184,-16.073009916846352,4.93594486710456,23.087926626385435,7.225109879579746,-4.769104343447807,1.5,8.657168648622573,-33.4277488125328,1.813054746169085,22.93337561579523,17.354738895686445,1,-76.91207122802734,28.36792755126953,1.7763568394002505e-06,1,-77.0666275024414,28.87720489501953,1.7763568394002505e-06,7,0,-15.0,-5.0,-20.0,6,0,-30.0,-5.0,-35.0,7,0,6,0,8.879129929000364,12.352613090538156,17.448064802163536,4.1850279056862805,5.821854589205407,10.006882494891688
111,62,1.9495020982305575,-0.7041413359969348,1.5,2.072769512527839,-19.859230349486737,2.295509117254904,35.34987167601643,6.685299393009991,-4.366887626672668,1.5,7.985169723817184,-33.15287022180243,2.6631447033440097,23.635209670977954,13.293639872315694,1,-64.65013122558594,6.9140143394470215,0.0,1,-76.36479187011719,26.63566017150879,1.7763568394002505e-06,7,0,-15.0,-5.0,-20.0,6,0,-30.0,-5.0,-35.0,7,0,6,0,16.929344985889976,34.42960523548302,16.433616812159823,11.437787451289113,5.491557534600865,16.929344985889976
